SL No,Title,Current Price,MRP,Rating,Link
1,"Dell_Model 5320 | i7 | 11th Generation Processor | 16GB RAM | 512GB SSD | 13.3"" FHD Display | Win 10 Pro | A+ Condition Laptop (Refab & Tested)",,,,https://www.amazon.in/Dell_Model-5320-Generation-Processor-Condition/dp/B0GLZ1FDRX/ref=sr_1_3?crid=3NW6BLF8383HH&dib=eyJ2IjoiMSJ9.LvRYcMXe0gyflLpcoiYNjDQGiwtKVW-phB8l2zfUs6F2K8IB0k81FtY8l46ljuBNJJBQaPO6y6rlhRWd_3V_lCEgKf5RQeuOq-UVQsRKiVXAANlMHe5aNFzSLe0ovkdCHiLPBcp5CEOO4wajlYzJ4KAqCQDLgxRcAi9T5UdBiErRkIMipXQ6wsaFhEoB6CsvD5SO2L4TJM5otxdR0SGTVLyePvIPOfn0f6I6Lw62NK8.F-JdeyES4ZxXnZ_ct8cff_bq7sk-UJmZ6DxJzANwdXs&dib_tag=se&keywords=laptop&qid=1770919668&sprefix=lapt%2Caps%2C463&sr=8-3&xpid=vjzpPUSu4zLUM
2,"EBook 11.6"" HD Laptop | Best Student & Office Work Laptop | Celeron N4020 | 4GB DDR4 | 128GB eMMC + M.2 SSD Expandable Slot | Win 11 Home |31Wh Battery | UHD Graphics 600 | Black",10990.0,25000.0,5.0,https://www.amazon.in/Neopticon-Student-Celeron-Expandable-Graphics/dp/B0G2MT8YVV/ref=sr_1_4?crid=3NW6BLF8383HH&dib=eyJ2IjoiMSJ9.LvRYcMXe0gyflLpcoiYNjDQGiwtKVW-phB8l2zfUs6F2K8IB0k81FtY8l46ljuBNJJBQaPO6y6rlhRWd_3V_lCEgKf5RQeuOq-UVQsRKiVXAANlMHe5aNFzSLe0ovkdCHiLPBcp5CEOO4wajlYzJ4KAqCQDLgxRcAi9T5UdBiErRkIMipXQ6wsaFhEoB6CsvD5SO2L4TJM5otxdR0SGTVLyePvIPOfn0f6I6Lw62NK8.F-JdeyES4ZxXnZ_ct8cff_bq7sk-UJmZ6DxJzANwdXs&dib_tag=se&keywords=laptop&qid=1770919668&sprefix=lapt%2Caps%2C463&sr=8-4&xpid=vjzpPUSu4zLUM
3,"HP 15, AMD Ryzen 3 7320U (8GB DDR4, 512GB SSD) FHD, Anti-Glare, Micro-Edge, 15.6''/39.6cm, Win11, M365 Basic(1yr)* Office24, Silver, 1.59kg, fc0500AU, FHD Camera w/Privacy Shutter Laptop",36990.0,44783.0,4.0,https://www.amazon.in/HP-Anti-Glare-Micro-Edge-Office24-fc0500AU/dp/B0FJYJ8LVY/ref=sr_1_5?crid=3NW6BLF8383HH&dib=eyJ2IjoiMSJ9.LvRYcMXe0gyflLpcoiYNjDQGiwtKVW-phB8l2zfUs6F2K8IB0k81FtY8l46ljuBNJJBQaPO6y6rlhRWd_3V_lCEgKf5RQeuOq-UVQsRKiVXAANlMHe5aNFzSLe0ovkdCHiLPBcp5CEOO4wajlYzJ4KAqCQDLgxRcAi9T5UdBiErRkIMipXQ6wsaFhEoB6CsvD5SO2L4TJM5otxdR0SGTVLyePvIPOfn0f6I6Lw62NK8.F-JdeyES4ZxXnZ_ct8cff_bq7sk-UJmZ6DxJzANwdXs&dib_tag=se&keywords=laptop&qid=1770919668&sprefix=lapt%2Caps%2C463&sr=8-5&xpid=vjzpPUSu4zLUM
4,"Primebook 2 Max 2025 (New Launch) | 8GB RAM, 256GB UFS Storage | 15.6-Inch Full HD IPS Display | 12hrs Battery | MediaTek Helio G99 | Android 15 (PrimeOS 3.0) | Backlit Keyboard | in-Built AI (Gray)",22990.0,34990.0,4.3,https://www.amazon.in/sspa/click?ie=UTF8&spc=MTo3OTg3ODU4ODc0Nzk2NTcxOjE3NzA5MTk2Njg6c3Bfc2VhcmNoX3RoZW1hdGljOjMwMDcwNjM5MjAxMDAzMjo6MDo6&url=%2FPrimebook-Storage-15-6-Inch-MediaTek-Keyboard%2Fdp%2FB0FFMQB3KL%2Fref%3Dsxin_14_pa_sp_search_thematic_sspa%3Fcontent-id%3Damzn1.sym.7e2c8ac4-9f12-4bcd-9497-a8ae54bc8764%253Aamzn1.sym.7e2c8ac4-9f12-4bcd-9497-a8ae54bc8764%26crid%3D3NW6BLF8383HH%26cv_ct_cx%3Dlaptop%26keywords%3Dlaptop%26pd_rd_i%3DB0FFMQB3KL%26pd_rd_r%3Dd188296f-5c7b-480c-9e23-84f962baaed8%26pd_rd_w%3DXlC3F%26pd_rd_wg%3DZvi8D%26pf_rd_p%3D7e2c8ac4-9f12-4bcd-9497-a8ae54bc8764%26pf_rd_r%3DY8QXYZ43AWBTDGEAFH4B%26qid%3D1770919668%26sbo%3DRZvfv%252F%252FHxDF%252BO5021pAnSA%253D%253D%26sprefix%3Dlapt%252Caps%252C463%26sr%3D1-1-66673dcf-083f-43ba-b782-d4a436cc5cfb-spons%26xpid%3DvjzpPUSu4zLUM%26aref%3DzUANlRM61Y%26sp_csd%3Dd2lkZ2V0TmFtZT1zcF9zZWFyY2hfdGhlbWF0aWM%26psc%3D1&aref=zUANlRM61Y&sp_cr=ZAZ
5,"HP OmniBook 5 OLED (Previously Pavilion), Snapdragon X Processor (16GB LPDDR5x, 512GB SSD) 2K, 14''/35.6cm, Win11, M365 Basic(1yr)* Office24, Silver, 1.35kg, he0014QU, Light-Weight, Next-Gen AI Laptop",66020.0,83704.0,4.1,https://www.amazon.in/sspa/click?ie=UTF8&spc=MTo3OTg3ODU4ODc0Nzk2NTcxOjE3NzA5MTk2Njg6c3Bfc2VhcmNoX3RoZW1hdGljOjMwMDkwMDY5NDE0ODUzMjo6MTo6&url=%2FHP-Previously-Snapdragon-Processor-Light-Weight%2Fdp%2FB0F8P4Y7VF%2Fref%3Dsxin_14_pa_sp_search_thematic_sspa%3Fcontent-id%3Damzn1.sym.7e2c8ac4-9f12-4bcd-9497-a8ae54bc8764%253Aamzn1.sym.7e2c8ac4-9f12-4bcd-9497-a8ae54bc8764%26crid%3D3NW6BLF8383HH%26cv_ct_cx%3Dlaptop%26keywords%3Dlaptop%26pd_rd_i%3DB0F8P4Y7VF%26pd_rd_r%3Dd188296f-5c7b-480c-9e23-84f962baaed8%26pd_rd_w%3DXlC3F%26pd_rd_wg%3DZvi8D%26pf_rd_p%3D7e2c8ac4-9f12-4bcd-9497-a8ae54bc8764%26pf_rd_r%3DY8QXYZ43AWBTDGEAFH4B%26qid%3D1770919668%26sbo%3DRZvfv%252F%252FHxDF%252BO5021pAnSA%253D%253D%26sprefix%3Dlapt%252Caps%252C463%26sr%3D1-2-66673dcf-083f-43ba-b782-d4a436cc5cfb-spons%26xpid%3DvjzpPUSu4zLUM%26aref%3DZDXWmKYaWQ%26sp_csd%3Dd2lkZ2V0TmFtZT1zcF9zZWFyY2hfdGhlbWF0aWM%26psc%3D1&aref=ZDXWmKYaWQ&sp_cr=ZAZ
6,"Primebook 2 Neo 2025 (New Launch) | 6GB RAM, 128GB Storage (Upgradable Upto 512GB) | MediaTek Helio G99 | Android 15 (PrimeOS3.0) | in-Built AI | 11.6” Thin & Light Laptop | Type-C, USB, MicroSD Ports",15990.0,24990.0,4.4,https://www.amazon.in/sspa/click?ie=UTF8&spc=MTo3OTg3ODU4ODc0Nzk2NTcxOjE3NzA5MTk2Njg6c3Bfc2VhcmNoX3RoZW1hdGljOjMwMDYyMTQ2MTg5MTEzMjo6Mjo6&url=%2FPrimebook-Upgradable-MediaTek-G99-PrimeOS3-0%2Fdp%2FB0FDLB7BQZ%2Fref%3Dsxin_14_pa_sp_search_thematic_sspa%3Fcontent-id%3Damzn1.sym.7e2c8ac4-9f12-4bcd-9497-a8ae54bc8764%253Aamzn1.sym.7e2c8ac4-9f12-4bcd-9497-a8ae54bc8764%26crid%3D3NW6BLF8383HH%26cv_ct_cx%3Dlaptop%26keywords%3Dlaptop%26pd_rd_i%3DB0FDLB7BQZ%26pd_rd_r%3Dd188296f-5c7b-480c-9e23-84f962baaed8%26pd_rd_w%3DXlC3F%26pd_rd_wg%3DZvi8D%26pf_rd_p%3D7e2c8ac4-9f12-4bcd-9497-a8ae54bc8764%26pf_rd_r%3DY8QXYZ43AWBTDGEAFH4B%26qid%3D1770919668%26sbo%3DRZvfv%252F%252FHxDF%252BO5021pAnSA%253D%253D%26sprefix%3Dlapt%252Caps%252C463%26sr%3D1-3-66673dcf-083f-43ba-b782-d4a436cc5cfb-spons%26xpid%3DvjzpPUSu4zLUM%26aref%3DE8O8DLTkwq%26sp_csd%3Dd2lkZ2V0TmFtZT1zcF9zZWFyY2hfdGhlbWF0aWM%26psc%3D1&aref=E8O8DLTkwq&sp_cr=ZAZ
7,"MSI Cyborg 15, Intel 12th Gen. i5-12450H, 40CM FHD 144Hz Gaming Laptop (16GB/512GB NVMe SSD/Windows 11 Home/MSO 2021/NVIDIA GeForce RTX 3050, GDDR6 6GB/Translucent Black/1.9Kg) A12UDX-1468IN",75990.0,97990.0,4.8,https://www.amazon.in/sspa/click?ie=UTF8&spc=MTo3OTg3ODU4ODc0Nzk2NTcxOjE3NzA5MTk2Njg6c3Bfc2VhcmNoX3RoZW1hdGljOjMwMDYxNTM5OTYwMzUzMjo6Mzo6&url=%2FMSI-i5-12450H-Windows-Translucent-A12UDX-1468IN%2Fdp%2FB0DJP6N8X5%2Fref%3Dsxin_14_pa_sp_search_thematic_sspa%3Fcontent-id%3Damzn1.sym.7e2c8ac4-9f12-4bcd-9497-a8ae54bc8764%253Aamzn1.sym.7e2c8ac4-9f12-4bcd-9497-a8ae54bc8764%26crid%3D3NW6BLF8383HH%26cv_ct_cx%3Dlaptop%26keywords%3Dlaptop%26pd_rd_i%3DB0DJP6N8X5%26pd_rd_r%3Dd188296f-5c7b-480c-9e23-84f962baaed8%26pd_rd_w%3DXlC3F%26pd_rd_wg%3DZvi8D%26pf_rd_p%3D7e2c8ac4-9f12-4bcd-9497-a8ae54bc8764%26pf_rd_r%3DY8QXYZ43AWBTDGEAFH4B%26qid%3D1770919668%26sbo%3DRZvfv%252F%252FHxDF%252BO5021pAnSA%253D%253D%26sprefix%3Dlapt%252Caps%252C463%26sr%3D1-4-66673dcf-083f-43ba-b782-d4a436cc5cfb-spons%26xpid%3DvjzpPUSu4zLUM%26aref%3DbRai6LJPxe%26sp_csd%3Dd2lkZ2V0TmFtZT1zcF9zZWFyY2hfdGhlbWF0aWM%26psc%3D1&aref=bRai6LJPxe&sp_cr=ZAZ
8,"Primebook 2 Pro 2025 (New Launch) | 8GB RAM, 128GB UFS Storage | 14.1-Inch FHD IPS Display | 14 Hours Battery | MediaTek Helio G99 | Android 15 (PrimeOS 3.0) | Backlit Keyboard | in-Built AI (Aqua)",19990.0,29990.0,4.4,https://www.amazon.in/sspa/click?ie=UTF8&spc=MTo3OTg3ODU4ODc0Nzk2NTcxOjE3NzA5MTk2Njg6c3Bfc2VhcmNoX3RoZW1hdGljOjMwMDgyMzcxOTI4MTIzMjo6NDo6&url=%2FPrimebook-Storage-14-1-Inch-MediaTek-Keyboard%2Fdp%2FB0FZJNZS65%2Fref%3Dsxin_14_pa_sp_search_thematic_sspa%3Fcontent-id%3Damzn1.sym.7e2c8ac4-9f12-4bcd-9497-a8ae54bc8764%253Aamzn1.sym.7e2c8ac4-9f12-4bcd-9497-a8ae54bc8764%26crid%3D3NW6BLF8383HH%26cv_ct_cx%3Dlaptop%26keywords%3Dlaptop%26pd_rd_i%3DB0FZJNZS65%26pd_rd_r%3Dd188296f-5c7b-480c-9e23-84f962baaed8%26pd_rd_w%3DXlC3F%26pd_rd_wg%3DZvi8D%26pf_rd_p%3D7e2c8ac4-9f12-4bcd-9497-a8ae54bc8764%26pf_rd_r%3DY8QXYZ43AWBTDGEAFH4B%26qid%3D1770919668%26sbo%3DRZvfv%252F%252FHxDF%252BO5021pAnSA%253D%253D%26sprefix%3Dlapt%252Caps%252C463%26sr%3D1-5-66673dcf-083f-43ba-b782-d4a436cc5cfb-spons%26xpid%3DvjzpPUSu4zLUM%26aref%3DtjigWtyJ9a%26sp_csd%3Dd2lkZ2V0TmFtZT1zcF9zZWFyY2hfdGhlbWF0aWM%26psc%3D1&aref=tjigWtyJ9a&sp_cr=ZAZ
9,"BrowseBook 14.1"" FHD IPS Laptop | Best Student & Office Work Laptop | Celeron N4020 | 4GB RAM | 128GB SSD | Windows 11 | 38Wh | 1.3kg | Grey",12990.0,30000.0,3.0,https://www.amazon.in/Neopticon-BrowseBook-Student-Celeron-Windows/dp/B0FC64RYH1/ref=sr_1_6?crid=3NW6BLF8383HH&dib=eyJ2IjoiMSJ9.LvRYcMXe0gyflLpcoiYNjDQGiwtKVW-phB8l2zfUs6F2K8IB0k81FtY8l46ljuBNJJBQaPO6y6rlhRWd_3V_lCEgKf5RQeuOq-UVQsRKiVXAANlMHe5aNFzSLe0ovkdCHiLPBcp5CEOO4wajlYzJ4KAqCQDLgxRcAi9T5UdBiErRkIMipXQ6wsaFhEoB6CsvD5SO2L4TJM5otxdR0SGTVLyePvIPOfn0f6I6Lw62NK8.F-JdeyES4ZxXnZ_ct8cff_bq7sk-UJmZ6DxJzANwdXs&dib_tag=se&keywords=laptop&qid=1770919668&sprefix=lapt%2Caps%2C463&sr=8-6&xpid=vjzpPUSu4zLUM
10,Thomson NEO 14.1 Inch IN-P14C Intel Celeron Dual Core N4020 Processor & Window 11 Home Notebook (4 GB RAM DDR4/ 128 GB SSD/Numeric Touch Pad/Thin & Light Weight/Silver),12990.0,24990.0,,https://www.amazon.in/Thomson-Processor-Window-Notebook-Numeric/dp/B0DYVQYGP9/ref=sr_1_7?crid=3NW6BLF8383HH&dib=eyJ2IjoiMSJ9.LvRYcMXe0gyflLpcoiYNjDQGiwtKVW-phB8l2zfUs6F2K8IB0k81FtY8l46ljuBNJJBQaPO6y6rlhRWd_3V_lCEgKf5RQeuOq-UVQsRKiVXAANlMHe5aNFzSLe0ovkdCHiLPBcp5CEOO4wajlYzJ4KAqCQDLgxRcAi9T5UdBiErRkIMipXQ6wsaFhEoB6CsvD5SO2L4TJM5otxdR0SGTVLyePvIPOfn0f6I6Lw62NK8.F-JdeyES4ZxXnZ_ct8cff_bq7sk-UJmZ6DxJzANwdXs&dib_tag=se&keywords=laptop&qid=1770919668&sprefix=lapt%2Caps%2C463&sr=8-7&xpid=vjzpPUSu4zLUM
11,"JioBook 11 with Lifetime Office | Android 4G Laptop Mediatek 8788 (JioOS) | Octa-core | 4GB RAM | 64 eMMC Storage | Thin and Light Laptop (11.6 inch, 990 Grams) | Dual Band WiFi + SIM | Blue",10990.0,25000.0,2.9,https://www.amazon.in/JioBook-Octa-Core-LPDDR4-JioOS-Expandable/dp/B0CKX9PY1H/ref=sr_1_8?crid=3NW6BLF8383HH&dib=eyJ2IjoiMSJ9.LvRYcMXe0gyflLpcoiYNjDQGiwtKVW-phB8l2zfUs6F2K8IB0k81FtY8l46ljuBNJJBQaPO6y6rlhRWd_3V_lCEgKf5RQeuOq-UVQsRKiVXAANlMHe5aNFzSLe0ovkdCHiLPBcp5CEOO4wajlYzJ4KAqCQDLgxRcAi9T5UdBiErRkIMipXQ6wsaFhEoB6CsvD5SO2L4TJM5otxdR0SGTVLyePvIPOfn0f6I6Lw62NK8.F-JdeyES4ZxXnZ_ct8cff_bq7sk-UJmZ6DxJzANwdXs&dib_tag=se&keywords=laptop&qid=1770919668&sprefix=lapt%2Caps%2C463&sr=8-8&xpid=vjzpPUSu4zLUM
12,"Lenovo {SmartChoice)Chromebook Intel Celeron N4500 (4GB RAM/64GB eMMC 5.1/11.6 Inch (29.46cm)/HD Display/2Wx2 Stereo Speakers/HD Camera/Chrome OS/Blue/1.21Kg), 82UY0014HA",15990.0,36502.0,3.8,https://www.amazon.in/Lenovo-SmartChoice-Chromebook-Speakers-82UY0014HA/dp/B0F2TMZJ24/ref=sr_1_9?crid=3NW6BLF8383HH&dib=eyJ2IjoiMSJ9.LvRYcMXe0gyflLpcoiYNjDQGiwtKVW-phB8l2zfUs6F2K8IB0k81FtY8l46ljuBNJJBQaPO6y6rlhRWd_3V_lCEgKf5RQeuOq-UVQsRKiVXAANlMHe5aNFzSLe0ovkdCHiLPBcp5CEOO4wajlYzJ4KAqCQDLgxRcAi9T5UdBiErRkIMipXQ6wsaFhEoB6CsvD5SO2L4TJM5otxdR0SGTVLyePvIPOfn0f6I6Lw62NK8.F-JdeyES4ZxXnZ_ct8cff_bq7sk-UJmZ6DxJzANwdXs&dib_tag=se&keywords=laptop&qid=1770919668&sprefix=lapt%2Caps%2C463&sr=8-9&xpid=vjzpPUSu4zLUM
13,"HP 15 Consumer Series Laptop, Intel Core i3-1315U (13th Gen) 12GB DDR4 RAM,512GB NVMe SSD/ 15.6'' FHD Anti-Glare, Micro-Edge, Win11, M365 Basic(1yr)* Office24, Silver,1.59kg, FHD Camera with Shutter",40654.0,53933.0,4.1,https://www.amazon.in/HP-Consumer-i3-1315U-Anti-Glare-Micro-Edge/dp/B0FMYH3W73/ref=sr_1_10?crid=3NW6BLF8383HH&dib=eyJ2IjoiMSJ9.LvRYcMXe0gyflLpcoiYNjDQGiwtKVW-phB8l2zfUs6F2K8IB0k81FtY8l46ljuBNJJBQaPO6y6rlhRWd_3V_lCEgKf5RQeuOq-UVQsRKiVXAANlMHe5aNFzSLe0ovkdCHiLPBcp5CEOO4wajlYzJ4KAqCQDLgxRcAi9T5UdBiErRkIMipXQ6wsaFhEoB6CsvD5SO2L4TJM5otxdR0SGTVLyePvIPOfn0f6I6Lw62NK8.F-JdeyES4ZxXnZ_ct8cff_bq7sk-UJmZ6DxJzANwdXs&dib_tag=se&keywords=laptop&qid=1770919668&sprefix=lapt%2Caps%2C463&sr=8-10&xpid=vjzpPUSu4zLUM
14,"ASUS Vivobook Go 14, AMD Ryzen 3 7320U, 8GB RAM, 512GB SSD, FHD 14"", Windows 11, Office Home 2024, Mixed Black, 1.38 kg, E1404FA-NK3325WS, AMD Radeon iGPU, M365 Basic (1Year)*, Thin & Light Laptop",34990.0,43990.0,4.1,https://www.amazon.in/ASUS-Vivobook-Radeon-Windows-E1404FA-NK3325WS/dp/B0DTYNRVRX/ref=sr_1_13?crid=3NW6BLF8383HH&dib=eyJ2IjoiMSJ9.LvRYcMXe0gyflLpcoiYNjDQGiwtKVW-phB8l2zfUs6F2K8IB0k81FtY8l46ljuBNJJBQaPO6y6rlhRWd_3V_lCEgKf5RQeuOq-UVQsRKiVXAANlMHe5aNFzSLe0ovkdCHiLPBcp5CEOO4wajlYzJ4KAqCQDLgxRcAi9T5UdBiErRkIMipXQ6wsaFhEoB6CsvD5SO2L4TJM5otxdR0SGTVLyePvIPOfn0f6I6Lw62NK8.F-JdeyES4ZxXnZ_ct8cff_bq7sk-UJmZ6DxJzANwdXs&dib_tag=se&keywords=laptop&qid=1770919668&sprefix=lapt%2Caps%2C463&sr=8-13&xpid=vjzpPUSu4zLUM
15,"HP Omnibook 5 OLED, Snapdragon X Processor (16GB LPDDR5x,1TB SSD) 2K OLED, Micro-Edge, 16''/40.6cm, Win11, M365*Office24, Glacier Silver, 1.59kg, fb0001QU, FHD Camera, Backlit, Next-Gen AI Laptop",71340.0,85965.0,4.1,https://www.amazon.in/HP-Snapdragon-Processor-Micro-Edge-fb0001QU/dp/B0FRM3G9JF/ref=sr_1_14?crid=3NW6BLF8383HH&dib=eyJ2IjoiMSJ9.LvRYcMXe0gyflLpcoiYNjDQGiwtKVW-phB8l2zfUs6F2K8IB0k81FtY8l46ljuBNJJBQaPO6y6rlhRWd_3V_lCEgKf5RQeuOq-UVQsRKiVXAANlMHe5aNFzSLe0ovkdCHiLPBcp5CEOO4wajlYzJ4KAqCQDLgxRcAi9T5UdBiErRkIMipXQ6wsaFhEoB6CsvD5SO2L4TJM5otxdR0SGTVLyePvIPOfn0f6I6Lw62NK8.F-JdeyES4ZxXnZ_ct8cff_bq7sk-UJmZ6DxJzANwdXs&dib_tag=se&keywords=laptop&qid=1770919668&sprefix=lapt%2Caps%2C463&sr=8-14&xpid=vjzpPUSu4zLUM
16,"HP 15, 13th Gen Intel Core i3-1315U (12GB DDR4, 512GB SSD) FHD, Anti-Glare, Micro-Edge, 15.6''/39.6cm, Win11, M365 Basic(1yr)* Office24, Silver, 1.59kg, fd0573TU, FHD Camera w/Shutter Laptop",41990.0,52721.0,4.1,https://www.amazon.in/HP-i3-1315U-Anti-Glare-Micro-Edge-fd0573TU/dp/B0F4R3GFMQ/ref=sr_1_15?crid=3NW6BLF8383HH&dib=eyJ2IjoiMSJ9.LvRYcMXe0gyflLpcoiYNjDQGiwtKVW-phB8l2zfUs6F2K8IB0k81FtY8l46ljuBNJJBQaPO6y6rlhRWd_3V_lCEgKf5RQeuOq-UVQsRKiVXAANlMHe5aNFzSLe0ovkdCHiLPBcp5CEOO4wajlYzJ4KAqCQDLgxRcAi9T5UdBiErRkIMipXQ6wsaFhEoB6CsvD5SO2L4TJM5otxdR0SGTVLyePvIPOfn0f6I6Lw62NK8.F-JdeyES4ZxXnZ_ct8cff_bq7sk-UJmZ6DxJzANwdXs&dib_tag=se&keywords=laptop&qid=1770919668&sprefix=lapt%2Caps%2C463&sr=8-15&xpid=vjzpPUSu4zLUM
17,"acer Aspire 3, Intel Core Celeron N4500, 12GB LPDDR4X RAM, 512GB SSD, HD, 15.6""/39.62cm, Windows 11 Home, Pure Silver, 1.5KG, A325-45, Thin and Light Laptop",31999.0,35999.0,3.4,https://www.amazon.in/Celeron-LPDDR4X-39-62cm-Windows-A325-45/dp/B0FF4QBNWM/ref=sr_1_16?crid=3NW6BLF8383HH&dib=eyJ2IjoiMSJ9.LvRYcMXe0gyflLpcoiYNjDQGiwtKVW-phB8l2zfUs6F2K8IB0k81FtY8l46ljuBNJJBQaPO6y6rlhRWd_3V_lCEgKf5RQeuOq-UVQsRKiVXAANlMHe5aNFzSLe0ovkdCHiLPBcp5CEOO4wajlYzJ4KAqCQDLgxRcAi9T5UdBiErRkIMipXQ6wsaFhEoB6CsvD5SO2L4TJM5otxdR0SGTVLyePvIPOfn0f6I6Lw62NK8.F-JdeyES4ZxXnZ_ct8cff_bq7sk-UJmZ6DxJzANwdXs&dib_tag=se&keywords=laptop&qid=1770919668&sprefix=lapt%2Caps%2C463&sr=8-16&xpid=vjzpPUSu4zLUM
18,Thomson NEO 14.1 Inch IN-P14C Intel Celeron Dual Core N4020 Processor & Window 11 Notebook (8 GB RAM DDR4/ 256 GB SSD/Numeric Touch Pad/1MP Webcam/Silver),14990.0,27990.0,3.0,https://www.amazon.in/Thomson-Window-Notebook-Numeric-Webcam/dp/B0DYVR777M/ref=sr_1_17?crid=3NW6BLF8383HH&dib=eyJ2IjoiMSJ9.LvRYcMXe0gyflLpcoiYNjDQGiwtKVW-phB8l2zfUs6F2K8IB0k81FtY8l46ljuBNJJBQaPO6y6rlhRWd_3V_lCEgKf5RQeuOq-UVQsRKiVXAANlMHe5aNFzSLe0ovkdCHiLPBcp5CEOO4wajlYzJ4KAqCQDLgxRcAi9T5UdBiErRkIMipXQ6wsaFhEoB6CsvD5SO2L4TJM5otxdR0SGTVLyePvIPOfn0f6I6Lw62NK8.F-JdeyES4ZxXnZ_ct8cff_bq7sk-UJmZ6DxJzANwdXs&dib_tag=se&keywords=laptop&qid=1770919668&sprefix=lapt%2Caps%2C463&sr=8-17&xpid=vjzpPUSu4zLUM
19,"ASUS TUF A15 (2025), AMD Ryzen 7 7445HS, Gaming Laptop(RTX 3050,75W TGP,16GB DDR5(Upgradeable Upto 64GB )512GB SSD,FHD,15.6"",144Hz,RGB Keyboard,48Whrs,Windows 11,Graphite Black,2.3 Kg) FA506NCG-HN199W",70990.0,83990.0,4.2,https://www.amazon.in/ASUS-Upgradeable-Keyboard-Graphite-FA506NCG-HN199W/dp/B0FM3C4L2F/ref=sr_1_18?crid=3NW6BLF8383HH&dib=eyJ2IjoiMSJ9.LvRYcMXe0gyflLpcoiYNjDQGiwtKVW-phB8l2zfUs6F2K8IB0k81FtY8l46ljuBNJJBQaPO6y6rlhRWd_3V_lCEgKf5RQeuOq-UVQsRKiVXAANlMHe5aNFzSLe0ovkdCHiLPBcp5CEOO4wajlYzJ4KAqCQDLgxRcAi9T5UdBiErRkIMipXQ6wsaFhEoB6CsvD5SO2L4TJM5otxdR0SGTVLyePvIPOfn0f6I6Lw62NK8.F-JdeyES4ZxXnZ_ct8cff_bq7sk-UJmZ6DxJzANwdXs&dib_tag=se&keywords=laptop&qid=1770919668&sprefix=lapt%2Caps%2C463&sr=8-18&xpid=vjzpPUSu4zLUM
20,"HP 14s Intel Celeron Dual Core N4500 Laptop (8GB/512GB SSD/Win 11) 14.0"" HD Display, MSO 24, Black, 1.46kg, DQ3149TU Thin and Light Business Laptop",28690.0,30299.0,3.4,https://www.amazon.in/HP-Celeron-Display-DQ3149TU-Business/dp/B0FYYBXPPD/ref=sr_1_19?crid=3NW6BLF8383HH&dib=eyJ2IjoiMSJ9.LvRYcMXe0gyflLpcoiYNjDQGiwtKVW-phB8l2zfUs6F2K8IB0k81FtY8l46ljuBNJJBQaPO6y6rlhRWd_3V_lCEgKf5RQeuOq-UVQsRKiVXAANlMHe5aNFzSLe0ovkdCHiLPBcp5CEOO4wajlYzJ4KAqCQDLgxRcAi9T5UdBiErRkIMipXQ6wsaFhEoB6CsvD5SO2L4TJM5otxdR0SGTVLyePvIPOfn0f6I6Lw62NK8.F-JdeyES4ZxXnZ_ct8cff_bq7sk-UJmZ6DxJzANwdXs&dib_tag=se&keywords=laptop&qid=1770919668&sprefix=lapt%2Caps%2C463&sr=8-19&xpid=vjzpPUSu4zLUM
21,"HP 15, 13th Gen Intel Core i5-1334U, (16GB DDR4,512GB SSD) Anti-Glare, Micro-Edge, FHD, 15.6''/39.6cm, Win11, M365 Basic(1yr)* Office24, Silver, 1.59kg, fd0577TU, Iris Xe, FHD Camera w/Shutter Laptop",54990.0,70841.0,3.9,https://www.amazon.in/HP-i5-1334U-Anti-Glare-Micro-Edge-fd0577TU/dp/B0F4R6H3NB/ref=sr_1_20?crid=3NW6BLF8383HH&dib=eyJ2IjoiMSJ9.LvRYcMXe0gyflLpcoiYNjDQGiwtKVW-phB8l2zfUs6F2K8IB0k81FtY8l46ljuBNJJBQaPO6y6rlhRWd_3V_lCEgKf5RQeuOq-UVQsRKiVXAANlMHe5aNFzSLe0ovkdCHiLPBcp5CEOO4wajlYzJ4KAqCQDLgxRcAi9T5UdBiErRkIMipXQ6wsaFhEoB6CsvD5SO2L4TJM5otxdR0SGTVLyePvIPOfn0f6I6Lw62NK8.F-JdeyES4ZxXnZ_ct8cff_bq7sk-UJmZ6DxJzANwdXs&dib_tag=se&keywords=laptop&qid=1770919668&sprefix=lapt%2Caps%2C463&sr=8-20&xpid=vjzpPUSu4zLUM
22,"Dell_Model 5320 | i7 | 11th Generation Processor | 16GB RAM | 512GB SSD | 13.3"" FHD Display | Win 10 Pro | A+ Condition Laptop (Refab & Tested)",,,,https://www.amazon.in/Dell_Model-5320-Generation-Processor-Condition/dp/B0GLZ1FDRX/ref=sr_1_3?crid=3NW6BLF8383HH&dib=eyJ2IjoiMSJ9.LvRYcMXe0gyflLpcoiYNjDQGiwtKVW-phB8l2zfUs6F2K8IB0k81FtY8l46ljuBNJJBQaPO6y6rlhRWd_3V_lCEgKf5RQeuOq-UVQsRKiVXAANlMHe5aNFzSLe0ovkdCHiLPBcp5CEOO4wajlYzJ4KAqCQDLgxRcAi9T5UdBiErRkIMipXQ6wsaFhEoB6CsvD5SO2L4TJM5otxdR0SGTVLyePvIPOfn0f6I6Lw62NK8.ghkJd2On7eJHNAGjZ9SzMVlGSN5zmyZzu8MvE5RSACE&dib_tag=se&keywords=laptop&qid=1770919668&sprefix=lapt%2Caps%2C463&sr=8-3&xpid=vjzpPUSu4zLUM
23,"EBook 11.6"" HD Laptop | Best Student & Office Work Laptop | Celeron N4020 | 4GB DDR4 | 128GB eMMC + M.2 SSD Expandable Slot | Win 11 Home |31Wh Battery | UHD Graphics 600 | Black",10990.0,25000.0,5.0,https://www.amazon.in/Neopticon-Student-Celeron-Expandable-Graphics/dp/B0G2MT8YVV/ref=sr_1_4?crid=3NW6BLF8383HH&dib=eyJ2IjoiMSJ9.LvRYcMXe0gyflLpcoiYNjDQGiwtKVW-phB8l2zfUs6F2K8IB0k81FtY8l46ljuBNJJBQaPO6y6rlhRWd_3V_lCEgKf5RQeuOq-UVQsRKiVXAANlMHe5aNFzSLe0ovkdCHiLPBcp5CEOO4wajlYzJ4KAqCQDLgxRcAi9T5UdBiErRkIMipXQ6wsaFhEoB6CsvD5SO2L4TJM5otxdR0SGTVLyePvIPOfn0f6I6Lw62NK8.ghkJd2On7eJHNAGjZ9SzMVlGSN5zmyZzu8MvE5RSACE&dib_tag=se&keywords=laptop&qid=1770919668&sprefix=lapt%2Caps%2C463&sr=8-4&xpid=vjzpPUSu4zLUM
24,"HP 15, AMD Ryzen 3 7320U (8GB DDR4, 512GB SSD) FHD, Anti-Glare, Micro-Edge, 15.6''/39.6cm, Win11, M365 Basic(1yr)* Office24, Silver, 1.59kg, fc0500AU, FHD Camera w/Privacy Shutter Laptop",36990.0,44783.0,4.0,https://www.amazon.in/HP-Anti-Glare-Micro-Edge-Office24-fc0500AU/dp/B0FJYJ8LVY/ref=sr_1_5?crid=3NW6BLF8383HH&dib=eyJ2IjoiMSJ9.LvRYcMXe0gyflLpcoiYNjDQGiwtKVW-phB8l2zfUs6F2K8IB0k81FtY8l46ljuBNJJBQaPO6y6rlhRWd_3V_lCEgKf5RQeuOq-UVQsRKiVXAANlMHe5aNFzSLe0ovkdCHiLPBcp5CEOO4wajlYzJ4KAqCQDLgxRcAi9T5UdBiErRkIMipXQ6wsaFhEoB6CsvD5SO2L4TJM5otxdR0SGTVLyePvIPOfn0f6I6Lw62NK8.ghkJd2On7eJHNAGjZ9SzMVlGSN5zmyZzu8MvE5RSACE&dib_tag=se&keywords=laptop&qid=1770919668&sprefix=lapt%2Caps%2C463&sr=8-5&xpid=vjzpPUSu4zLUM
25,"Primebook 2 Max 2025 (New Launch) | 8GB RAM, 256GB UFS Storage | 15.6-Inch Full HD IPS Display | 12hrs Battery | MediaTek Helio G99 | Android 15 (PrimeOS 3.0) | Backlit Keyboard | in-Built AI (Gray)",22990.0,34990.0,4.3,https://www.amazon.in/sspa/click?ie=UTF8&spc=MTozMjk2NDQxNTcwMDM4NjMzOjE3NzA5MTk2Njg6c3Bfc2VhcmNoX3RoZW1hdGljOjMwMDcwNjM5MjAxMDAzMjo6MDo6&url=%2FPrimebook-Storage-15-6-Inch-MediaTek-Keyboard%2Fdp%2FB0FFMQB3KL%2Fref%3Dsxin_14_pa_sp_search_thematic_sspa%3Fcontent-id%3Damzn1.sym.7e2c8ac4-9f12-4bcd-9497-a8ae54bc8764%253Aamzn1.sym.7e2c8ac4-9f12-4bcd-9497-a8ae54bc8764%26crid%3D3NW6BLF8383HH%26cv_ct_cx%3Dlaptop%26keywords%3Dlaptop%26pd_rd_i%3DB0FFMQB3KL%26pd_rd_r%3D320f740d-20a8-4c88-8715-41eec38397e8%26pd_rd_w%3DBwsg8%26pd_rd_wg%3D3CCbu%26pf_rd_p%3D7e2c8ac4-9f12-4bcd-9497-a8ae54bc8764%26pf_rd_r%3DHYY5QVGPW6G790F6SEBB%26qid%3D1770919668%26sbo%3DRZvfv%252F%252FHxDF%252BO5021pAnSA%253D%253D%26sprefix%3Dlapt%252Caps%252C463%26sr%3D1-1-66673dcf-083f-43ba-b782-d4a436cc5cfb-spons%26xpid%3DvjzpPUSu4zLUM%26aref%3DzUANlRM61Y%26sp_csd%3Dd2lkZ2V0TmFtZT1zcF9zZWFyY2hfdGhlbWF0aWM%26psc%3D1&aref=zUANlRM61Y&sp_cr=ZAZ
26,"HP OmniBook 5 OLED (Previously Pavilion), Snapdragon X Processor (16GB LPDDR5x, 512GB SSD) 2K, 14''/35.6cm, Win11, M365 Basic(1yr)* Office24, Silver, 1.35kg, he0014QU, Light-Weight, Next-Gen AI Laptop",66020.0,83704.0,4.1,https://www.amazon.in/sspa/click?ie=UTF8&spc=MTozMjk2NDQxNTcwMDM4NjMzOjE3NzA5MTk2Njg6c3Bfc2VhcmNoX3RoZW1hdGljOjMwMDkwMDY5NDE0ODUzMjo6MTo6&url=%2FHP-Previously-Snapdragon-Processor-Light-Weight%2Fdp%2FB0F8P4Y7VF%2Fref%3Dsxin_14_pa_sp_search_thematic_sspa%3Fcontent-id%3Damzn1.sym.7e2c8ac4-9f12-4bcd-9497-a8ae54bc8764%253Aamzn1.sym.7e2c8ac4-9f12-4bcd-9497-a8ae54bc8764%26crid%3D3NW6BLF8383HH%26cv_ct_cx%3Dlaptop%26keywords%3Dlaptop%26pd_rd_i%3DB0F8P4Y7VF%26pd_rd_r%3D320f740d-20a8-4c88-8715-41eec38397e8%26pd_rd_w%3DBwsg8%26pd_rd_wg%3D3CCbu%26pf_rd_p%3D7e2c8ac4-9f12-4bcd-9497-a8ae54bc8764%26pf_rd_r%3DHYY5QVGPW6G790F6SEBB%26qid%3D1770919668%26sbo%3DRZvfv%252F%252FHxDF%252BO5021pAnSA%253D%253D%26sprefix%3Dlapt%252Caps%252C463%26sr%3D1-2-66673dcf-083f-43ba-b782-d4a436cc5cfb-spons%26xpid%3DvjzpPUSu4zLUM%26aref%3DZDXWmKYaWQ%26sp_csd%3Dd2lkZ2V0TmFtZT1zcF9zZWFyY2hfdGhlbWF0aWM%26psc%3D1&aref=ZDXWmKYaWQ&sp_cr=ZAZ
27,"Primebook 2 Neo 2025 (New Launch) | 6GB RAM, 128GB Storage (Upgradable Upto 512GB) | MediaTek Helio G99 | Android 15 (PrimeOS3.0) | in-Built AI | 11.6” Thin & Light Laptop | Type-C, USB, MicroSD Ports",15990.0,24990.0,4.4,https://www.amazon.in/sspa/click?ie=UTF8&spc=MTozMjk2NDQxNTcwMDM4NjMzOjE3NzA5MTk2Njg6c3Bfc2VhcmNoX3RoZW1hdGljOjMwMDYyMTQ2MTg5MTEzMjo6Mjo6&url=%2FPrimebook-Upgradable-MediaTek-G99-PrimeOS3-0%2Fdp%2FB0FDLB7BQZ%2Fref%3Dsxin_14_pa_sp_search_thematic_sspa%3Fcontent-id%3Damzn1.sym.7e2c8ac4-9f12-4bcd-9497-a8ae54bc8764%253Aamzn1.sym.7e2c8ac4-9f12-4bcd-9497-a8ae54bc8764%26crid%3D3NW6BLF8383HH%26cv_ct_cx%3Dlaptop%26keywords%3Dlaptop%26pd_rd_i%3DB0FDLB7BQZ%26pd_rd_r%3D320f740d-20a8-4c88-8715-41eec38397e8%26pd_rd_w%3DBwsg8%26pd_rd_wg%3D3CCbu%26pf_rd_p%3D7e2c8ac4-9f12-4bcd-9497-a8ae54bc8764%26pf_rd_r%3DHYY5QVGPW6G790F6SEBB%26qid%3D1770919668%26sbo%3DRZvfv%252F%252FHxDF%252BO5021pAnSA%253D%253D%26sprefix%3Dlapt%252Caps%252C463%26sr%3D1-3-66673dcf-083f-43ba-b782-d4a436cc5cfb-spons%26xpid%3DvjzpPUSu4zLUM%26aref%3DE8O8DLTkwq%26sp_csd%3Dd2lkZ2V0TmFtZT1zcF9zZWFyY2hfdGhlbWF0aWM%26psc%3D1&aref=E8O8DLTkwq&sp_cr=ZAZ
28,"MSI Cyborg 15, Intel 12th Gen. i5-12450H, 40CM FHD 144Hz Gaming Laptop (16GB/512GB NVMe SSD/Windows 11 Home/MSO 2021/NVIDIA GeForce RTX 3050, GDDR6 6GB/Translucent Black/1.9Kg) A12UDX-1468IN",75990.0,97990.0,4.8,https://www.amazon.in/sspa/click?ie=UTF8&spc=MTozMjk2NDQxNTcwMDM4NjMzOjE3NzA5MTk2Njg6c3Bfc2VhcmNoX3RoZW1hdGljOjMwMDYxNTM5OTYwMzUzMjo6Mzo6&url=%2FMSI-i5-12450H-Windows-Translucent-A12UDX-1468IN%2Fdp%2FB0DJP6N8X5%2Fref%3Dsxin_14_pa_sp_search_thematic_sspa%3Fcontent-id%3Damzn1.sym.7e2c8ac4-9f12-4bcd-9497-a8ae54bc8764%253Aamzn1.sym.7e2c8ac4-9f12-4bcd-9497-a8ae54bc8764%26crid%3D3NW6BLF8383HH%26cv_ct_cx%3Dlaptop%26keywords%3Dlaptop%26pd_rd_i%3DB0DJP6N8X5%26pd_rd_r%3D320f740d-20a8-4c88-8715-41eec38397e8%26pd_rd_w%3DBwsg8%26pd_rd_wg%3D3CCbu%26pf_rd_p%3D7e2c8ac4-9f12-4bcd-9497-a8ae54bc8764%26pf_rd_r%3DHYY5QVGPW6G790F6SEBB%26qid%3D1770919668%26sbo%3DRZvfv%252F%252FHxDF%252BO5021pAnSA%253D%253D%26sprefix%3Dlapt%252Caps%252C463%26sr%3D1-4-66673dcf-083f-43ba-b782-d4a436cc5cfb-spons%26xpid%3DvjzpPUSu4zLUM%26aref%3DbRai6LJPxe%26sp_csd%3Dd2lkZ2V0TmFtZT1zcF9zZWFyY2hfdGhlbWF0aWM%26psc%3D1&aref=bRai6LJPxe&sp_cr=ZAZ
29,"Primebook 2 Pro 2025 (New Launch) | 8GB RAM, 128GB UFS Storage | 14.1-Inch FHD IPS Display | 14 Hours Battery | MediaTek Helio G99 | Android 15 (PrimeOS 3.0) | Backlit Keyboard | in-Built AI (Aqua)",19990.0,29990.0,4.4,https://www.amazon.in/sspa/click?ie=UTF8&spc=MTozMjk2NDQxNTcwMDM4NjMzOjE3NzA5MTk2Njg6c3Bfc2VhcmNoX3RoZW1hdGljOjMwMDgyMzcxOTI4MTIzMjo6NDo6&url=%2FPrimebook-Storage-14-1-Inch-MediaTek-Keyboard%2Fdp%2FB0FZJNZS65%2Fref%3Dsxin_14_pa_sp_search_thematic_sspa%3Fcontent-id%3Damzn1.sym.7e2c8ac4-9f12-4bcd-9497-a8ae54bc8764%253Aamzn1.sym.7e2c8ac4-9f12-4bcd-9497-a8ae54bc8764%26crid%3D3NW6BLF8383HH%26cv_ct_cx%3Dlaptop%26keywords%3Dlaptop%26pd_rd_i%3DB0FZJNZS65%26pd_rd_r%3D320f740d-20a8-4c88-8715-41eec38397e8%26pd_rd_w%3DBwsg8%26pd_rd_wg%3D3CCbu%26pf_rd_p%3D7e2c8ac4-9f12-4bcd-9497-a8ae54bc8764%26pf_rd_r%3DHYY5QVGPW6G790F6SEBB%26qid%3D1770919668%26sbo%3DRZvfv%252F%252FHxDF%252BO5021pAnSA%253D%253D%26sprefix%3Dlapt%252Caps%252C463%26sr%3D1-5-66673dcf-083f-43ba-b782-d4a436cc5cfb-spons%26xpid%3DvjzpPUSu4zLUM%26aref%3DtjigWtyJ9a%26sp_csd%3Dd2lkZ2V0TmFtZT1zcF9zZWFyY2hfdGhlbWF0aWM%26psc%3D1&aref=tjigWtyJ9a&sp_cr=ZAZ
30,"BrowseBook 14.1"" FHD IPS Laptop | Best Student & Office Work Laptop | Celeron N4020 | 4GB RAM | 128GB SSD | Windows 11 | 38Wh | 1.3kg | Grey",12990.0,30000.0,3.0,https://www.amazon.in/Neopticon-BrowseBook-Student-Celeron-Windows/dp/B0FC64RYH1/ref=sr_1_6?crid=3NW6BLF8383HH&dib=eyJ2IjoiMSJ9.LvRYcMXe0gyflLpcoiYNjDQGiwtKVW-phB8l2zfUs6F2K8IB0k81FtY8l46ljuBNJJBQaPO6y6rlhRWd_3V_lCEgKf5RQeuOq-UVQsRKiVXAANlMHe5aNFzSLe0ovkdCHiLPBcp5CEOO4wajlYzJ4KAqCQDLgxRcAi9T5UdBiErRkIMipXQ6wsaFhEoB6CsvD5SO2L4TJM5otxdR0SGTVLyePvIPOfn0f6I6Lw62NK8.ghkJd2On7eJHNAGjZ9SzMVlGSN5zmyZzu8MvE5RSACE&dib_tag=se&keywords=laptop&qid=1770919668&sprefix=lapt%2Caps%2C463&sr=8-6&xpid=vjzpPUSu4zLUM
31,Thomson NEO 14.1 Inch IN-P14C Intel Celeron Dual Core N4020 Processor & Window 11 Home Notebook (4 GB RAM DDR4/ 128 GB SSD/Numeric Touch Pad/Thin & Light Weight/Silver),12990.0,24990.0,,https://www.amazon.in/Thomson-Processor-Window-Notebook-Numeric/dp/B0DYVQYGP9/ref=sr_1_7?crid=3NW6BLF8383HH&dib=eyJ2IjoiMSJ9.LvRYcMXe0gyflLpcoiYNjDQGiwtKVW-phB8l2zfUs6F2K8IB0k81FtY8l46ljuBNJJBQaPO6y6rlhRWd_3V_lCEgKf5RQeuOq-UVQsRKiVXAANlMHe5aNFzSLe0ovkdCHiLPBcp5CEOO4wajlYzJ4KAqCQDLgxRcAi9T5UdBiErRkIMipXQ6wsaFhEoB6CsvD5SO2L4TJM5otxdR0SGTVLyePvIPOfn0f6I6Lw62NK8.ghkJd2On7eJHNAGjZ9SzMVlGSN5zmyZzu8MvE5RSACE&dib_tag=se&keywords=laptop&qid=1770919668&sprefix=lapt%2Caps%2C463&sr=8-7&xpid=vjzpPUSu4zLUM
32,"JioBook 11 with Lifetime Office | Android 4G Laptop Mediatek 8788 (JioOS) | Octa-core | 4GB RAM | 64 eMMC Storage | Thin and Light Laptop (11.6 inch, 990 Grams) | Dual Band WiFi + SIM | Blue",10990.0,25000.0,2.9,https://www.amazon.in/JioBook-Octa-Core-LPDDR4-JioOS-Expandable/dp/B0CKX9PY1H/ref=sr_1_8?crid=3NW6BLF8383HH&dib=eyJ2IjoiMSJ9.LvRYcMXe0gyflLpcoiYNjDQGiwtKVW-phB8l2zfUs6F2K8IB0k81FtY8l46ljuBNJJBQaPO6y6rlhRWd_3V_lCEgKf5RQeuOq-UVQsRKiVXAANlMHe5aNFzSLe0ovkdCHiLPBcp5CEOO4wajlYzJ4KAqCQDLgxRcAi9T5UdBiErRkIMipXQ6wsaFhEoB6CsvD5SO2L4TJM5otxdR0SGTVLyePvIPOfn0f6I6Lw62NK8.ghkJd2On7eJHNAGjZ9SzMVlGSN5zmyZzu8MvE5RSACE&dib_tag=se&keywords=laptop&qid=1770919668&sprefix=lapt%2Caps%2C463&sr=8-8&xpid=vjzpPUSu4zLUM
33,"Lenovo {SmartChoice)Chromebook Intel Celeron N4500 (4GB RAM/64GB eMMC 5.1/11.6 Inch (29.46cm)/HD Display/2Wx2 Stereo Speakers/HD Camera/Chrome OS/Blue/1.21Kg), 82UY0014HA",15990.0,36502.0,3.8,https://www.amazon.in/Lenovo-SmartChoice-Chromebook-Speakers-82UY0014HA/dp/B0F2TMZJ24/ref=sr_1_9?crid=3NW6BLF8383HH&dib=eyJ2IjoiMSJ9.LvRYcMXe0gyflLpcoiYNjDQGiwtKVW-phB8l2zfUs6F2K8IB0k81FtY8l46ljuBNJJBQaPO6y6rlhRWd_3V_lCEgKf5RQeuOq-UVQsRKiVXAANlMHe5aNFzSLe0ovkdCHiLPBcp5CEOO4wajlYzJ4KAqCQDLgxRcAi9T5UdBiErRkIMipXQ6wsaFhEoB6CsvD5SO2L4TJM5otxdR0SGTVLyePvIPOfn0f6I6Lw62NK8.ghkJd2On7eJHNAGjZ9SzMVlGSN5zmyZzu8MvE5RSACE&dib_tag=se&keywords=laptop&qid=1770919668&sprefix=lapt%2Caps%2C463&sr=8-9&xpid=vjzpPUSu4zLUM
34,"HP 15 Consumer Series Laptop, Intel Core i3-1315U (13th Gen) 12GB DDR4 RAM,512GB NVMe SSD/ 15.6'' FHD Anti-Glare, Micro-Edge, Win11, M365 Basic(1yr)* Office24, Silver,1.59kg, FHD Camera with Shutter",40654.0,53933.0,4.1,https://www.amazon.in/HP-Consumer-i3-1315U-Anti-Glare-Micro-Edge/dp/B0FMYH3W73/ref=sr_1_10?crid=3NW6BLF8383HH&dib=eyJ2IjoiMSJ9.LvRYcMXe0gyflLpcoiYNjDQGiwtKVW-phB8l2zfUs6F2K8IB0k81FtY8l46ljuBNJJBQaPO6y6rlhRWd_3V_lCEgKf5RQeuOq-UVQsRKiVXAANlMHe5aNFzSLe0ovkdCHiLPBcp5CEOO4wajlYzJ4KAqCQDLgxRcAi9T5UdBiErRkIMipXQ6wsaFhEoB6CsvD5SO2L4TJM5otxdR0SGTVLyePvIPOfn0f6I6Lw62NK8.ghkJd2On7eJHNAGjZ9SzMVlGSN5zmyZzu8MvE5RSACE&dib_tag=se&keywords=laptop&qid=1770919668&sprefix=lapt%2Caps%2C463&sr=8-10&xpid=vjzpPUSu4zLUM
35,"ASUS Vivobook Go 14, AMD Ryzen 3 7320U, 8GB RAM, 512GB SSD, FHD 14"", Windows 11, Office Home 2024, Mixed Black, 1.38 kg, E1404FA-NK3325WS, AMD Radeon iGPU, M365 Basic (1Year)*, Thin & Light Laptop",34990.0,43990.0,4.1,https://www.amazon.in/ASUS-Vivobook-Radeon-Windows-E1404FA-NK3325WS/dp/B0DTYNRVRX/ref=sr_1_13?crid=3NW6BLF8383HH&dib=eyJ2IjoiMSJ9.LvRYcMXe0gyflLpcoiYNjDQGiwtKVW-phB8l2zfUs6F2K8IB0k81FtY8l46ljuBNJJBQaPO6y6rlhRWd_3V_lCEgKf5RQeuOq-UVQsRKiVXAANlMHe5aNFzSLe0ovkdCHiLPBcp5CEOO4wajlYzJ4KAqCQDLgxRcAi9T5UdBiErRkIMipXQ6wsaFhEoB6CsvD5SO2L4TJM5otxdR0SGTVLyePvIPOfn0f6I6Lw62NK8.ghkJd2On7eJHNAGjZ9SzMVlGSN5zmyZzu8MvE5RSACE&dib_tag=se&keywords=laptop&qid=1770919668&sprefix=lapt%2Caps%2C463&sr=8-13&xpid=vjzpPUSu4zLUM
36,"HP Omnibook 5 OLED, Snapdragon X Processor (16GB LPDDR5x,1TB SSD) 2K OLED, Micro-Edge, 16''/40.6cm, Win11, M365*Office24, Glacier Silver, 1.59kg, fb0001QU, FHD Camera, Backlit, Next-Gen AI Laptop",71340.0,85965.0,4.1,https://www.amazon.in/HP-Snapdragon-Processor-Micro-Edge-fb0001QU/dp/B0FRM3G9JF/ref=sr_1_14?crid=3NW6BLF8383HH&dib=eyJ2IjoiMSJ9.LvRYcMXe0gyflLpcoiYNjDQGiwtKVW-phB8l2zfUs6F2K8IB0k81FtY8l46ljuBNJJBQaPO6y6rlhRWd_3V_lCEgKf5RQeuOq-UVQsRKiVXAANlMHe5aNFzSLe0ovkdCHiLPBcp5CEOO4wajlYzJ4KAqCQDLgxRcAi9T5UdBiErRkIMipXQ6wsaFhEoB6CsvD5SO2L4TJM5otxdR0SGTVLyePvIPOfn0f6I6Lw62NK8.ghkJd2On7eJHNAGjZ9SzMVlGSN5zmyZzu8MvE5RSACE&dib_tag=se&keywords=laptop&qid=1770919668&sprefix=lapt%2Caps%2C463&sr=8-14&xpid=vjzpPUSu4zLUM
37,"HP 15, 13th Gen Intel Core i3-1315U (12GB DDR4, 512GB SSD) FHD, Anti-Glare, Micro-Edge, 15.6''/39.6cm, Win11, M365 Basic(1yr)* Office24, Silver, 1.59kg, fd0573TU, FHD Camera w/Shutter Laptop",41990.0,52721.0,4.1,https://www.amazon.in/HP-i3-1315U-Anti-Glare-Micro-Edge-fd0573TU/dp/B0F4R3GFMQ/ref=sr_1_15?crid=3NW6BLF8383HH&dib=eyJ2IjoiMSJ9.LvRYcMXe0gyflLpcoiYNjDQGiwtKVW-phB8l2zfUs6F2K8IB0k81FtY8l46ljuBNJJBQaPO6y6rlhRWd_3V_lCEgKf5RQeuOq-UVQsRKiVXAANlMHe5aNFzSLe0ovkdCHiLPBcp5CEOO4wajlYzJ4KAqCQDLgxRcAi9T5UdBiErRkIMipXQ6wsaFhEoB6CsvD5SO2L4TJM5otxdR0SGTVLyePvIPOfn0f6I6Lw62NK8.ghkJd2On7eJHNAGjZ9SzMVlGSN5zmyZzu8MvE5RSACE&dib_tag=se&keywords=laptop&qid=1770919668&sprefix=lapt%2Caps%2C463&sr=8-15&xpid=vjzpPUSu4zLUM
38,"acer Aspire 3, Intel Core Celeron N4500, 12GB LPDDR4X RAM, 512GB SSD, HD, 15.6""/39.62cm, Windows 11 Home, Pure Silver, 1.5KG, A325-45, Thin and Light Laptop",31999.0,35999.0,3.4,https://www.amazon.in/Celeron-LPDDR4X-39-62cm-Windows-A325-45/dp/B0FF4QBNWM/ref=sr_1_16?crid=3NW6BLF8383HH&dib=eyJ2IjoiMSJ9.LvRYcMXe0gyflLpcoiYNjDQGiwtKVW-phB8l2zfUs6F2K8IB0k81FtY8l46ljuBNJJBQaPO6y6rlhRWd_3V_lCEgKf5RQeuOq-UVQsRKiVXAANlMHe5aNFzSLe0ovkdCHiLPBcp5CEOO4wajlYzJ4KAqCQDLgxRcAi9T5UdBiErRkIMipXQ6wsaFhEoB6CsvD5SO2L4TJM5otxdR0SGTVLyePvIPOfn0f6I6Lw62NK8.ghkJd2On7eJHNAGjZ9SzMVlGSN5zmyZzu8MvE5RSACE&dib_tag=se&keywords=laptop&qid=1770919668&sprefix=lapt%2Caps%2C463&sr=8-16&xpid=vjzpPUSu4zLUM
39,Thomson NEO 14.1 Inch IN-P14C Intel Celeron Dual Core N4020 Processor & Window 11 Notebook (8 GB RAM DDR4/ 256 GB SSD/Numeric Touch Pad/1MP Webcam/Silver),14990.0,27990.0,3.0,https://www.amazon.in/Thomson-Window-Notebook-Numeric-Webcam/dp/B0DYVR777M/ref=sr_1_17?crid=3NW6BLF8383HH&dib=eyJ2IjoiMSJ9.LvRYcMXe0gyflLpcoiYNjDQGiwtKVW-phB8l2zfUs6F2K8IB0k81FtY8l46ljuBNJJBQaPO6y6rlhRWd_3V_lCEgKf5RQeuOq-UVQsRKiVXAANlMHe5aNFzSLe0ovkdCHiLPBcp5CEOO4wajlYzJ4KAqCQDLgxRcAi9T5UdBiErRkIMipXQ6wsaFhEoB6CsvD5SO2L4TJM5otxdR0SGTVLyePvIPOfn0f6I6Lw62NK8.ghkJd2On7eJHNAGjZ9SzMVlGSN5zmyZzu8MvE5RSACE&dib_tag=se&keywords=laptop&qid=1770919668&sprefix=lapt%2Caps%2C463&sr=8-17&xpid=vjzpPUSu4zLUM
40,"ASUS TUF A15 (2025), AMD Ryzen 7 7445HS, Gaming Laptop(RTX 3050,75W TGP,16GB DDR5(Upgradeable Upto 64GB )512GB SSD,FHD,15.6"",144Hz,RGB Keyboard,48Whrs,Windows 11,Graphite Black,2.3 Kg) FA506NCG-HN199W",70990.0,83990.0,4.2,https://www.amazon.in/ASUS-Upgradeable-Keyboard-Graphite-FA506NCG-HN199W/dp/B0FM3C4L2F/ref=sr_1_18?crid=3NW6BLF8383HH&dib=eyJ2IjoiMSJ9.LvRYcMXe0gyflLpcoiYNjDQGiwtKVW-phB8l2zfUs6F2K8IB0k81FtY8l46ljuBNJJBQaPO6y6rlhRWd_3V_lCEgKf5RQeuOq-UVQsRKiVXAANlMHe5aNFzSLe0ovkdCHiLPBcp5CEOO4wajlYzJ4KAqCQDLgxRcAi9T5UdBiErRkIMipXQ6wsaFhEoB6CsvD5SO2L4TJM5otxdR0SGTVLyePvIPOfn0f6I6Lw62NK8.ghkJd2On7eJHNAGjZ9SzMVlGSN5zmyZzu8MvE5RSACE&dib_tag=se&keywords=laptop&qid=1770919668&sprefix=lapt%2Caps%2C463&sr=8-18&xpid=vjzpPUSu4zLUM
41,"HP 14s Intel Celeron Dual Core N4500 Laptop (8GB/512GB SSD/Win 11) 14.0"" HD Display, MSO 24, Black, 1.46kg, DQ3149TU Thin and Light Business Laptop",28690.0,30299.0,3.4,https://www.amazon.in/HP-Celeron-Display-DQ3149TU-Business/dp/B0FYYBXPPD/ref=sr_1_19?crid=3NW6BLF8383HH&dib=eyJ2IjoiMSJ9.LvRYcMXe0gyflLpcoiYNjDQGiwtKVW-phB8l2zfUs6F2K8IB0k81FtY8l46ljuBNJJBQaPO6y6rlhRWd_3V_lCEgKf5RQeuOq-UVQsRKiVXAANlMHe5aNFzSLe0ovkdCHiLPBcp5CEOO4wajlYzJ4KAqCQDLgxRcAi9T5UdBiErRkIMipXQ6wsaFhEoB6CsvD5SO2L4TJM5otxdR0SGTVLyePvIPOfn0f6I6Lw62NK8.ghkJd2On7eJHNAGjZ9SzMVlGSN5zmyZzu8MvE5RSACE&dib_tag=se&keywords=laptop&qid=1770919668&sprefix=lapt%2Caps%2C463&sr=8-19&xpid=vjzpPUSu4zLUM
42,"HP 15, 13th Gen Intel Core i5-1334U, (16GB DDR4,512GB SSD) Anti-Glare, Micro-Edge, FHD, 15.6''/39.6cm, Win11, M365 Basic(1yr)* Office24, Silver, 1.59kg, fd0577TU, Iris Xe, FHD Camera w/Shutter Laptop",54990.0,70841.0,3.9,https://www.amazon.in/HP-i5-1334U-Anti-Glare-Micro-Edge-fd0577TU/dp/B0F4R6H3NB/ref=sr_1_20?crid=3NW6BLF8383HH&dib=eyJ2IjoiMSJ9.LvRYcMXe0gyflLpcoiYNjDQGiwtKVW-phB8l2zfUs6F2K8IB0k81FtY8l46ljuBNJJBQaPO6y6rlhRWd_3V_lCEgKf5RQeuOq-UVQsRKiVXAANlMHe5aNFzSLe0ovkdCHiLPBcp5CEOO4wajlYzJ4KAqCQDLgxRcAi9T5UdBiErRkIMipXQ6wsaFhEoB6CsvD5SO2L4TJM5otxdR0SGTVLyePvIPOfn0f6I6Lw62NK8.ghkJd2On7eJHNAGjZ9SzMVlGSN5zmyZzu8MvE5RSACE&dib_tag=se&keywords=laptop&qid=1770919668&sprefix=lapt%2Caps%2C463&sr=8-20&xpid=vjzpPUSu4zLUM
43,"Dell_Model 5320 | i7 | 11th Generation Processor | 16GB RAM | 512GB SSD | 13.3"" FHD Display | Win 10 Pro | A+ Condition Laptop (Refab & Tested)",,,,https://www.amazon.in/Dell_Model-5320-Generation-Processor-Condition/dp/B0GLZ1FDRX/ref=sr_1_3?crid=3NW6BLF8383HH&dib=eyJ2IjoiMSJ9.LvRYcMXe0gyflLpcoiYNjDQGiwtKVW-phB8l2zfUs6F2K8IB0k81FtY8l46ljuBNJJBQaPO6y6rlhRWd_3V_lCEgKf5RQeuOq-UVQsRKiVXAANlMHe5aNFzSLe0ovkdCHiLPBcp5CEOO4wajlYzJ4KAqCQDLgxRcAi9T5UdBiErRkIMipXQ6wsaFhEoB6CsvD5SO2L4TJM5otxdR0SGTVLyePvIPOfn0f6I6Lw62NK8.w1WxwVyNsb_Io7RdMR9PURrHLuaCwERORnr3GggPT3Q&dib_tag=se&keywords=laptop&qid=1770919668&sprefix=lapt%2Caps%2C463&sr=8-3&xpid=vjzpPUSu4zLUM
44,"EBook 11.6"" HD Laptop | Best Student & Office Work Laptop | Celeron N4020 | 4GB DDR4 | 128GB eMMC + M.2 SSD Expandable Slot | Win 11 Home |31Wh Battery | UHD Graphics 600 | Black",10990.0,25000.0,5.0,https://www.amazon.in/Neopticon-Student-Celeron-Expandable-Graphics/dp/B0G2MT8YVV/ref=sr_1_4?crid=3NW6BLF8383HH&dib=eyJ2IjoiMSJ9.LvRYcMXe0gyflLpcoiYNjDQGiwtKVW-phB8l2zfUs6F2K8IB0k81FtY8l46ljuBNJJBQaPO6y6rlhRWd_3V_lCEgKf5RQeuOq-UVQsRKiVXAANlMHe5aNFzSLe0ovkdCHiLPBcp5CEOO4wajlYzJ4KAqCQDLgxRcAi9T5UdBiErRkIMipXQ6wsaFhEoB6CsvD5SO2L4TJM5otxdR0SGTVLyePvIPOfn0f6I6Lw62NK8.w1WxwVyNsb_Io7RdMR9PURrHLuaCwERORnr3GggPT3Q&dib_tag=se&keywords=laptop&qid=1770919668&sprefix=lapt%2Caps%2C463&sr=8-4&xpid=vjzpPUSu4zLUM
45,"HP 15, AMD Ryzen 3 7320U (8GB DDR4, 512GB SSD) FHD, Anti-Glare, Micro-Edge, 15.6''/39.6cm, Win11, M365 Basic(1yr)* Office24, Silver, 1.59kg, fc0500AU, FHD Camera w/Privacy Shutter Laptop",36990.0,44783.0,4.0,https://www.amazon.in/HP-Anti-Glare-Micro-Edge-Office24-fc0500AU/dp/B0FJYJ8LVY/ref=sr_1_5?crid=3NW6BLF8383HH&dib=eyJ2IjoiMSJ9.LvRYcMXe0gyflLpcoiYNjDQGiwtKVW-phB8l2zfUs6F2K8IB0k81FtY8l46ljuBNJJBQaPO6y6rlhRWd_3V_lCEgKf5RQeuOq-UVQsRKiVXAANlMHe5aNFzSLe0ovkdCHiLPBcp5CEOO4wajlYzJ4KAqCQDLgxRcAi9T5UdBiErRkIMipXQ6wsaFhEoB6CsvD5SO2L4TJM5otxdR0SGTVLyePvIPOfn0f6I6Lw62NK8.w1WxwVyNsb_Io7RdMR9PURrHLuaCwERORnr3GggPT3Q&dib_tag=se&keywords=laptop&qid=1770919668&sprefix=lapt%2Caps%2C463&sr=8-5&xpid=vjzpPUSu4zLUM
46,"Primebook 2 Max 2025 (New Launch) | 8GB RAM, 256GB UFS Storage | 15.6-Inch Full HD IPS Display | 12hrs Battery | MediaTek Helio G99 | Android 15 (PrimeOS 3.0) | Backlit Keyboard | in-Built AI (Gray)",22990.0,34990.0,4.3,https://www.amazon.in/sspa/click?ie=UTF8&spc=MToyODg0NjY5NzcxOTc1ODU5OjE3NzA5MTk2Njg6c3Bfc2VhcmNoX3RoZW1hdGljOjMwMDcwNjM5MjAxMDAzMjo6MDo6&url=%2FPrimebook-Storage-15-6-Inch-MediaTek-Keyboard%2Fdp%2FB0FFMQB3KL%2Fref%3Dsxin_14_pa_sp_search_thematic_sspa%3Fcontent-id%3Damzn1.sym.7e2c8ac4-9f12-4bcd-9497-a8ae54bc8764%253Aamzn1.sym.7e2c8ac4-9f12-4bcd-9497-a8ae54bc8764%26crid%3D3NW6BLF8383HH%26cv_ct_cx%3Dlaptop%26keywords%3Dlaptop%26pd_rd_i%3DB0FFMQB3KL%26pd_rd_r%3Dbe33d3c6-de78-4ef5-8c36-067fe0f20e0a%26pd_rd_w%3Dzf3I7%26pd_rd_wg%3DKRIk7%26pf_rd_p%3D7e2c8ac4-9f12-4bcd-9497-a8ae54bc8764%26pf_rd_r%3DWYVXVNXY24T1PGAY3HBT%26qid%3D1770919668%26sbo%3DRZvfv%252F%252FHxDF%252BO5021pAnSA%253D%253D%26sprefix%3Dlapt%252Caps%252C463%26sr%3D1-1-66673dcf-083f-43ba-b782-d4a436cc5cfb-spons%26xpid%3DvjzpPUSu4zLUM%26aref%3DzUANlRM61Y%26sp_csd%3Dd2lkZ2V0TmFtZT1zcF9zZWFyY2hfdGhlbWF0aWM%26psc%3D1&aref=zUANlRM61Y&sp_cr=ZAZ
47,"HP OmniBook 5 OLED (Previously Pavilion), Snapdragon X Processor (16GB LPDDR5x, 512GB SSD) 2K, 14''/35.6cm, Win11, M365 Basic(1yr)* Office24, Silver, 1.35kg, he0014QU, Light-Weight, Next-Gen AI Laptop",66020.0,83704.0,4.1,https://www.amazon.in/sspa/click?ie=UTF8&spc=MToyODg0NjY5NzcxOTc1ODU5OjE3NzA5MTk2Njg6c3Bfc2VhcmNoX3RoZW1hdGljOjMwMDkwMDY5NDE0ODUzMjo6MTo6&url=%2FHP-Previously-Snapdragon-Processor-Light-Weight%2Fdp%2FB0F8P4Y7VF%2Fref%3Dsxin_14_pa_sp_search_thematic_sspa%3Fcontent-id%3Damzn1.sym.7e2c8ac4-9f12-4bcd-9497-a8ae54bc8764%253Aamzn1.sym.7e2c8ac4-9f12-4bcd-9497-a8ae54bc8764%26crid%3D3NW6BLF8383HH%26cv_ct_cx%3Dlaptop%26keywords%3Dlaptop%26pd_rd_i%3DB0F8P4Y7VF%26pd_rd_r%3Dbe33d3c6-de78-4ef5-8c36-067fe0f20e0a%26pd_rd_w%3Dzf3I7%26pd_rd_wg%3DKRIk7%26pf_rd_p%3D7e2c8ac4-9f12-4bcd-9497-a8ae54bc8764%26pf_rd_r%3DWYVXVNXY24T1PGAY3HBT%26qid%3D1770919668%26sbo%3DRZvfv%252F%252FHxDF%252BO5021pAnSA%253D%253D%26sprefix%3Dlapt%252Caps%252C463%26sr%3D1-2-66673dcf-083f-43ba-b782-d4a436cc5cfb-spons%26xpid%3DvjzpPUSu4zLUM%26aref%3DZDXWmKYaWQ%26sp_csd%3Dd2lkZ2V0TmFtZT1zcF9zZWFyY2hfdGhlbWF0aWM%26psc%3D1&aref=ZDXWmKYaWQ&sp_cr=ZAZ
48,"Primebook 2 Neo 2025 (New Launch) | 6GB RAM, 128GB Storage (Upgradable Upto 512GB) | MediaTek Helio G99 | Android 15 (PrimeOS3.0) | in-Built AI | 11.6” Thin & Light Laptop | Type-C, USB, MicroSD Ports",15990.0,24990.0,4.4,https://www.amazon.in/sspa/click?ie=UTF8&spc=MToyODg0NjY5NzcxOTc1ODU5OjE3NzA5MTk2Njg6c3Bfc2VhcmNoX3RoZW1hdGljOjMwMDYyMTQ2MTg5MTEzMjo6Mjo6&url=%2FPrimebook-Upgradable-MediaTek-G99-PrimeOS3-0%2Fdp%2FB0FDLB7BQZ%2Fref%3Dsxin_14_pa_sp_search_thematic_sspa%3Fcontent-id%3Damzn1.sym.7e2c8ac4-9f12-4bcd-9497-a8ae54bc8764%253Aamzn1.sym.7e2c8ac4-9f12-4bcd-9497-a8ae54bc8764%26crid%3D3NW6BLF8383HH%26cv_ct_cx%3Dlaptop%26keywords%3Dlaptop%26pd_rd_i%3DB0FDLB7BQZ%26pd_rd_r%3Dbe33d3c6-de78-4ef5-8c36-067fe0f20e0a%26pd_rd_w%3Dzf3I7%26pd_rd_wg%3DKRIk7%26pf_rd_p%3D7e2c8ac4-9f12-4bcd-9497-a8ae54bc8764%26pf_rd_r%3DWYVXVNXY24T1PGAY3HBT%26qid%3D1770919668%26sbo%3DRZvfv%252F%252FHxDF%252BO5021pAnSA%253D%253D%26sprefix%3Dlapt%252Caps%252C463%26sr%3D1-3-66673dcf-083f-43ba-b782-d4a436cc5cfb-spons%26xpid%3DvjzpPUSu4zLUM%26aref%3DE8O8DLTkwq%26sp_csd%3Dd2lkZ2V0TmFtZT1zcF9zZWFyY2hfdGhlbWF0aWM%26psc%3D1&aref=E8O8DLTkwq&sp_cr=ZAZ
49,"MSI Cyborg 15, Intel 12th Gen. i5-12450H, 40CM FHD 144Hz Gaming Laptop (16GB/512GB NVMe SSD/Windows 11 Home/MSO 2021/NVIDIA GeForce RTX 3050, GDDR6 6GB/Translucent Black/1.9Kg) A12UDX-1468IN",75990.0,97990.0,4.8,https://www.amazon.in/sspa/click?ie=UTF8&spc=MToyODg0NjY5NzcxOTc1ODU5OjE3NzA5MTk2Njg6c3Bfc2VhcmNoX3RoZW1hdGljOjMwMDYxNTM5OTYwMzUzMjo6Mzo6&url=%2FMSI-i5-12450H-Windows-Translucent-A12UDX-1468IN%2Fdp%2FB0DJP6N8X5%2Fref%3Dsxin_14_pa_sp_search_thematic_sspa%3Fcontent-id%3Damzn1.sym.7e2c8ac4-9f12-4bcd-9497-a8ae54bc8764%253Aamzn1.sym.7e2c8ac4-9f12-4bcd-9497-a8ae54bc8764%26crid%3D3NW6BLF8383HH%26cv_ct_cx%3Dlaptop%26keywords%3Dlaptop%26pd_rd_i%3DB0DJP6N8X5%26pd_rd_r%3Dbe33d3c6-de78-4ef5-8c36-067fe0f20e0a%26pd_rd_w%3Dzf3I7%26pd_rd_wg%3DKRIk7%26pf_rd_p%3D7e2c8ac4-9f12-4bcd-9497-a8ae54bc8764%26pf_rd_r%3DWYVXVNXY24T1PGAY3HBT%26qid%3D1770919668%26sbo%3DRZvfv%252F%252FHxDF%252BO5021pAnSA%253D%253D%26sprefix%3Dlapt%252Caps%252C463%26sr%3D1-4-66673dcf-083f-43ba-b782-d4a436cc5cfb-spons%26xpid%3DvjzpPUSu4zLUM%26aref%3DbRai6LJPxe%26sp_csd%3Dd2lkZ2V0TmFtZT1zcF9zZWFyY2hfdGhlbWF0aWM%26psc%3D1&aref=bRai6LJPxe&sp_cr=ZAZ
50,"Primebook 2 Pro 2025 (New Launch) | 8GB RAM, 128GB UFS Storage | 14.1-Inch FHD IPS Display | 14 Hours Battery | MediaTek Helio G99 | Android 15 (PrimeOS 3.0) | Backlit Keyboard | in-Built AI (Aqua)",19990.0,29990.0,4.4,https://www.amazon.in/sspa/click?ie=UTF8&spc=MToyODg0NjY5NzcxOTc1ODU5OjE3NzA5MTk2Njg6c3Bfc2VhcmNoX3RoZW1hdGljOjMwMDgyMzcxOTI4MTIzMjo6NDo6&url=%2FPrimebook-Storage-14-1-Inch-MediaTek-Keyboard%2Fdp%2FB0FZJNZS65%2Fref%3Dsxin_14_pa_sp_search_thematic_sspa%3Fcontent-id%3Damzn1.sym.7e2c8ac4-9f12-4bcd-9497-a8ae54bc8764%253Aamzn1.sym.7e2c8ac4-9f12-4bcd-9497-a8ae54bc8764%26crid%3D3NW6BLF8383HH%26cv_ct_cx%3Dlaptop%26keywords%3Dlaptop%26pd_rd_i%3DB0FZJNZS65%26pd_rd_r%3Dbe33d3c6-de78-4ef5-8c36-067fe0f20e0a%26pd_rd_w%3Dzf3I7%26pd_rd_wg%3DKRIk7%26pf_rd_p%3D7e2c8ac4-9f12-4bcd-9497-a8ae54bc8764%26pf_rd_r%3DWYVXVNXY24T1PGAY3HBT%26qid%3D1770919668%26sbo%3DRZvfv%252F%252FHxDF%252BO5021pAnSA%253D%253D%26sprefix%3Dlapt%252Caps%252C463%26sr%3D1-5-66673dcf-083f-43ba-b782-d4a436cc5cfb-spons%26xpid%3DvjzpPUSu4zLUM%26aref%3DtjigWtyJ9a%26sp_csd%3Dd2lkZ2V0TmFtZT1zcF9zZWFyY2hfdGhlbWF0aWM%26psc%3D1&aref=tjigWtyJ9a&sp_cr=ZAZ
51,"BrowseBook 14.1"" FHD IPS Laptop | Best Student & Office Work Laptop | Celeron N4020 | 4GB RAM | 128GB SSD | Windows 11 | 38Wh | 1.3kg | Grey",12990.0,30000.0,3.0,https://www.amazon.in/Neopticon-BrowseBook-Student-Celeron-Windows/dp/B0FC64RYH1/ref=sr_1_6?crid=3NW6BLF8383HH&dib=eyJ2IjoiMSJ9.LvRYcMXe0gyflLpcoiYNjDQGiwtKVW-phB8l2zfUs6F2K8IB0k81FtY8l46ljuBNJJBQaPO6y6rlhRWd_3V_lCEgKf5RQeuOq-UVQsRKiVXAANlMHe5aNFzSLe0ovkdCHiLPBcp5CEOO4wajlYzJ4KAqCQDLgxRcAi9T5UdBiErRkIMipXQ6wsaFhEoB6CsvD5SO2L4TJM5otxdR0SGTVLyePvIPOfn0f6I6Lw62NK8.w1WxwVyNsb_Io7RdMR9PURrHLuaCwERORnr3GggPT3Q&dib_tag=se&keywords=laptop&qid=1770919668&sprefix=lapt%2Caps%2C463&sr=8-6&xpid=vjzpPUSu4zLUM
52,Thomson NEO 14.1 Inch IN-P14C Intel Celeron Dual Core N4020 Processor & Window 11 Home Notebook (4 GB RAM DDR4/ 128 GB SSD/Numeric Touch Pad/Thin & Light Weight/Silver),12990.0,24990.0,,https://www.amazon.in/Thomson-Processor-Window-Notebook-Numeric/dp/B0DYVQYGP9/ref=sr_1_7?crid=3NW6BLF8383HH&dib=eyJ2IjoiMSJ9.LvRYcMXe0gyflLpcoiYNjDQGiwtKVW-phB8l2zfUs6F2K8IB0k81FtY8l46ljuBNJJBQaPO6y6rlhRWd_3V_lCEgKf5RQeuOq-UVQsRKiVXAANlMHe5aNFzSLe0ovkdCHiLPBcp5CEOO4wajlYzJ4KAqCQDLgxRcAi9T5UdBiErRkIMipXQ6wsaFhEoB6CsvD5SO2L4TJM5otxdR0SGTVLyePvIPOfn0f6I6Lw62NK8.w1WxwVyNsb_Io7RdMR9PURrHLuaCwERORnr3GggPT3Q&dib_tag=se&keywords=laptop&qid=1770919668&sprefix=lapt%2Caps%2C463&sr=8-7&xpid=vjzpPUSu4zLUM
53,"JioBook 11 with Lifetime Office | Android 4G Laptop Mediatek 8788 (JioOS) | Octa-core | 4GB RAM | 64 eMMC Storage | Thin and Light Laptop (11.6 inch, 990 Grams) | Dual Band WiFi + SIM | Blue",10990.0,25000.0,2.9,https://www.amazon.in/JioBook-Octa-Core-LPDDR4-JioOS-Expandable/dp/B0CKX9PY1H/ref=sr_1_8?crid=3NW6BLF8383HH&dib=eyJ2IjoiMSJ9.LvRYcMXe0gyflLpcoiYNjDQGiwtKVW-phB8l2zfUs6F2K8IB0k81FtY8l46ljuBNJJBQaPO6y6rlhRWd_3V_lCEgKf5RQeuOq-UVQsRKiVXAANlMHe5aNFzSLe0ovkdCHiLPBcp5CEOO4wajlYzJ4KAqCQDLgxRcAi9T5UdBiErRkIMipXQ6wsaFhEoB6CsvD5SO2L4TJM5otxdR0SGTVLyePvIPOfn0f6I6Lw62NK8.w1WxwVyNsb_Io7RdMR9PURrHLuaCwERORnr3GggPT3Q&dib_tag=se&keywords=laptop&qid=1770919668&sprefix=lapt%2Caps%2C463&sr=8-8&xpid=vjzpPUSu4zLUM
54,"Lenovo {SmartChoice)Chromebook Intel Celeron N4500 (4GB RAM/64GB eMMC 5.1/11.6 Inch (29.46cm)/HD Display/2Wx2 Stereo Speakers/HD Camera/Chrome OS/Blue/1.21Kg), 82UY0014HA",15990.0,36502.0,3.8,https://www.amazon.in/Lenovo-SmartChoice-Chromebook-Speakers-82UY0014HA/dp/B0F2TMZJ24/ref=sr_1_9?crid=3NW6BLF8383HH&dib=eyJ2IjoiMSJ9.LvRYcMXe0gyflLpcoiYNjDQGiwtKVW-phB8l2zfUs6F2K8IB0k81FtY8l46ljuBNJJBQaPO6y6rlhRWd_3V_lCEgKf5RQeuOq-UVQsRKiVXAANlMHe5aNFzSLe0ovkdCHiLPBcp5CEOO4wajlYzJ4KAqCQDLgxRcAi9T5UdBiErRkIMipXQ6wsaFhEoB6CsvD5SO2L4TJM5otxdR0SGTVLyePvIPOfn0f6I6Lw62NK8.w1WxwVyNsb_Io7RdMR9PURrHLuaCwERORnr3GggPT3Q&dib_tag=se&keywords=laptop&qid=1770919668&sprefix=lapt%2Caps%2C463&sr=8-9&xpid=vjzpPUSu4zLUM
55,"HP 15 Consumer Series Laptop, Intel Core i3-1315U (13th Gen) 12GB DDR4 RAM,512GB NVMe SSD/ 15.6'' FHD Anti-Glare, Micro-Edge, Win11, M365 Basic(1yr)* Office24, Silver,1.59kg, FHD Camera with Shutter",40654.0,53933.0,4.1,https://www.amazon.in/HP-Consumer-i3-1315U-Anti-Glare-Micro-Edge/dp/B0FMYH3W73/ref=sr_1_10?crid=3NW6BLF8383HH&dib=eyJ2IjoiMSJ9.LvRYcMXe0gyflLpcoiYNjDQGiwtKVW-phB8l2zfUs6F2K8IB0k81FtY8l46ljuBNJJBQaPO6y6rlhRWd_3V_lCEgKf5RQeuOq-UVQsRKiVXAANlMHe5aNFzSLe0ovkdCHiLPBcp5CEOO4wajlYzJ4KAqCQDLgxRcAi9T5UdBiErRkIMipXQ6wsaFhEoB6CsvD5SO2L4TJM5otxdR0SGTVLyePvIPOfn0f6I6Lw62NK8.w1WxwVyNsb_Io7RdMR9PURrHLuaCwERORnr3GggPT3Q&dib_tag=se&keywords=laptop&qid=1770919668&sprefix=lapt%2Caps%2C463&sr=8-10&xpid=vjzpPUSu4zLUM
56,"ASUS Vivobook Go 14, AMD Ryzen 3 7320U, 8GB RAM, 512GB SSD, FHD 14"", Windows 11, Office Home 2024, Mixed Black, 1.38 kg, E1404FA-NK3325WS, AMD Radeon iGPU, M365 Basic (1Year)*, Thin & Light Laptop",34990.0,43990.0,4.1,https://www.amazon.in/ASUS-Vivobook-Radeon-Windows-E1404FA-NK3325WS/dp/B0DTYNRVRX/ref=sr_1_13?crid=3NW6BLF8383HH&dib=eyJ2IjoiMSJ9.LvRYcMXe0gyflLpcoiYNjDQGiwtKVW-phB8l2zfUs6F2K8IB0k81FtY8l46ljuBNJJBQaPO6y6rlhRWd_3V_lCEgKf5RQeuOq-UVQsRKiVXAANlMHe5aNFzSLe0ovkdCHiLPBcp5CEOO4wajlYzJ4KAqCQDLgxRcAi9T5UdBiErRkIMipXQ6wsaFhEoB6CsvD5SO2L4TJM5otxdR0SGTVLyePvIPOfn0f6I6Lw62NK8.w1WxwVyNsb_Io7RdMR9PURrHLuaCwERORnr3GggPT3Q&dib_tag=se&keywords=laptop&qid=1770919668&sprefix=lapt%2Caps%2C463&sr=8-13&xpid=vjzpPUSu4zLUM
57,"HP Omnibook 5 OLED, Snapdragon X Processor (16GB LPDDR5x,1TB SSD) 2K OLED, Micro-Edge, 16''/40.6cm, Win11, M365*Office24, Glacier Silver, 1.59kg, fb0001QU, FHD Camera, Backlit, Next-Gen AI Laptop",71340.0,85965.0,4.1,https://www.amazon.in/HP-Snapdragon-Processor-Micro-Edge-fb0001QU/dp/B0FRM3G9JF/ref=sr_1_14?crid=3NW6BLF8383HH&dib=eyJ2IjoiMSJ9.LvRYcMXe0gyflLpcoiYNjDQGiwtKVW-phB8l2zfUs6F2K8IB0k81FtY8l46ljuBNJJBQaPO6y6rlhRWd_3V_lCEgKf5RQeuOq-UVQsRKiVXAANlMHe5aNFzSLe0ovkdCHiLPBcp5CEOO4wajlYzJ4KAqCQDLgxRcAi9T5UdBiErRkIMipXQ6wsaFhEoB6CsvD5SO2L4TJM5otxdR0SGTVLyePvIPOfn0f6I6Lw62NK8.w1WxwVyNsb_Io7RdMR9PURrHLuaCwERORnr3GggPT3Q&dib_tag=se&keywords=laptop&qid=1770919668&sprefix=lapt%2Caps%2C463&sr=8-14&xpid=vjzpPUSu4zLUM
58,"HP 15, 13th Gen Intel Core i3-1315U (12GB DDR4, 512GB SSD) FHD, Anti-Glare, Micro-Edge, 15.6''/39.6cm, Win11, M365 Basic(1yr)* Office24, Silver, 1.59kg, fd0573TU, FHD Camera w/Shutter Laptop",41990.0,52721.0,4.1,https://www.amazon.in/HP-i3-1315U-Anti-Glare-Micro-Edge-fd0573TU/dp/B0F4R3GFMQ/ref=sr_1_15?crid=3NW6BLF8383HH&dib=eyJ2IjoiMSJ9.LvRYcMXe0gyflLpcoiYNjDQGiwtKVW-phB8l2zfUs6F2K8IB0k81FtY8l46ljuBNJJBQaPO6y6rlhRWd_3V_lCEgKf5RQeuOq-UVQsRKiVXAANlMHe5aNFzSLe0ovkdCHiLPBcp5CEOO4wajlYzJ4KAqCQDLgxRcAi9T5UdBiErRkIMipXQ6wsaFhEoB6CsvD5SO2L4TJM5otxdR0SGTVLyePvIPOfn0f6I6Lw62NK8.w1WxwVyNsb_Io7RdMR9PURrHLuaCwERORnr3GggPT3Q&dib_tag=se&keywords=laptop&qid=1770919668&sprefix=lapt%2Caps%2C463&sr=8-15&xpid=vjzpPUSu4zLUM
59,"acer Aspire 3, Intel Core Celeron N4500, 12GB LPDDR4X RAM, 512GB SSD, HD, 15.6""/39.62cm, Windows 11 Home, Pure Silver, 1.5KG, A325-45, Thin and Light Laptop",31999.0,35999.0,3.4,https://www.amazon.in/Celeron-LPDDR4X-39-62cm-Windows-A325-45/dp/B0FF4QBNWM/ref=sr_1_16?crid=3NW6BLF8383HH&dib=eyJ2IjoiMSJ9.LvRYcMXe0gyflLpcoiYNjDQGiwtKVW-phB8l2zfUs6F2K8IB0k81FtY8l46ljuBNJJBQaPO6y6rlhRWd_3V_lCEgKf5RQeuOq-UVQsRKiVXAANlMHe5aNFzSLe0ovkdCHiLPBcp5CEOO4wajlYzJ4KAqCQDLgxRcAi9T5UdBiErRkIMipXQ6wsaFhEoB6CsvD5SO2L4TJM5otxdR0SGTVLyePvIPOfn0f6I6Lw62NK8.w1WxwVyNsb_Io7RdMR9PURrHLuaCwERORnr3GggPT3Q&dib_tag=se&keywords=laptop&qid=1770919668&sprefix=lapt%2Caps%2C463&sr=8-16&xpid=vjzpPUSu4zLUM
60,Thomson NEO 14.1 Inch IN-P14C Intel Celeron Dual Core N4020 Processor & Window 11 Notebook (8 GB RAM DDR4/ 256 GB SSD/Numeric Touch Pad/1MP Webcam/Silver),14990.0,27990.0,3.0,https://www.amazon.in/Thomson-Window-Notebook-Numeric-Webcam/dp/B0DYVR777M/ref=sr_1_17?crid=3NW6BLF8383HH&dib=eyJ2IjoiMSJ9.LvRYcMXe0gyflLpcoiYNjDQGiwtKVW-phB8l2zfUs6F2K8IB0k81FtY8l46ljuBNJJBQaPO6y6rlhRWd_3V_lCEgKf5RQeuOq-UVQsRKiVXAANlMHe5aNFzSLe0ovkdCHiLPBcp5CEOO4wajlYzJ4KAqCQDLgxRcAi9T5UdBiErRkIMipXQ6wsaFhEoB6CsvD5SO2L4TJM5otxdR0SGTVLyePvIPOfn0f6I6Lw62NK8.w1WxwVyNsb_Io7RdMR9PURrHLuaCwERORnr3GggPT3Q&dib_tag=se&keywords=laptop&qid=1770919668&sprefix=lapt%2Caps%2C463&sr=8-17&xpid=vjzpPUSu4zLUM
61,"ASUS TUF A15 (2025), AMD Ryzen 7 7445HS, Gaming Laptop(RTX 3050,75W TGP,16GB DDR5(Upgradeable Upto 64GB )512GB SSD,FHD,15.6"",144Hz,RGB Keyboard,48Whrs,Windows 11,Graphite Black,2.3 Kg) FA506NCG-HN199W",70990.0,83990.0,4.2,https://www.amazon.in/ASUS-Upgradeable-Keyboard-Graphite-FA506NCG-HN199W/dp/B0FM3C4L2F/ref=sr_1_18?crid=3NW6BLF8383HH&dib=eyJ2IjoiMSJ9.LvRYcMXe0gyflLpcoiYNjDQGiwtKVW-phB8l2zfUs6F2K8IB0k81FtY8l46ljuBNJJBQaPO6y6rlhRWd_3V_lCEgKf5RQeuOq-UVQsRKiVXAANlMHe5aNFzSLe0ovkdCHiLPBcp5CEOO4wajlYzJ4KAqCQDLgxRcAi9T5UdBiErRkIMipXQ6wsaFhEoB6CsvD5SO2L4TJM5otxdR0SGTVLyePvIPOfn0f6I6Lw62NK8.w1WxwVyNsb_Io7RdMR9PURrHLuaCwERORnr3GggPT3Q&dib_tag=se&keywords=laptop&qid=1770919668&sprefix=lapt%2Caps%2C463&sr=8-18&xpid=vjzpPUSu4zLUM
62,"HP 14s Intel Celeron Dual Core N4500 Laptop (8GB/512GB SSD/Win 11) 14.0"" HD Display, MSO 24, Black, 1.46kg, DQ3149TU Thin and Light Business Laptop",28690.0,30299.0,3.4,https://www.amazon.in/HP-Celeron-Display-DQ3149TU-Business/dp/B0FYYBXPPD/ref=sr_1_19?crid=3NW6BLF8383HH&dib=eyJ2IjoiMSJ9.LvRYcMXe0gyflLpcoiYNjDQGiwtKVW-phB8l2zfUs6F2K8IB0k81FtY8l46ljuBNJJBQaPO6y6rlhRWd_3V_lCEgKf5RQeuOq-UVQsRKiVXAANlMHe5aNFzSLe0ovkdCHiLPBcp5CEOO4wajlYzJ4KAqCQDLgxRcAi9T5UdBiErRkIMipXQ6wsaFhEoB6CsvD5SO2L4TJM5otxdR0SGTVLyePvIPOfn0f6I6Lw62NK8.w1WxwVyNsb_Io7RdMR9PURrHLuaCwERORnr3GggPT3Q&dib_tag=se&keywords=laptop&qid=1770919668&sprefix=lapt%2Caps%2C463&sr=8-19&xpid=vjzpPUSu4zLUM
63,"HP 15, 13th Gen Intel Core i5-1334U, (16GB DDR4,512GB SSD) Anti-Glare, Micro-Edge, FHD, 15.6''/39.6cm, Win11, M365 Basic(1yr)* Office24, Silver, 1.59kg, fd0577TU, Iris Xe, FHD Camera w/Shutter Laptop",54990.0,70841.0,3.9,https://www.amazon.in/HP-i5-1334U-Anti-Glare-Micro-Edge-fd0577TU/dp/B0F4R6H3NB/ref=sr_1_20?crid=3NW6BLF8383HH&dib=eyJ2IjoiMSJ9.LvRYcMXe0gyflLpcoiYNjDQGiwtKVW-phB8l2zfUs6F2K8IB0k81FtY8l46ljuBNJJBQaPO6y6rlhRWd_3V_lCEgKf5RQeuOq-UVQsRKiVXAANlMHe5aNFzSLe0ovkdCHiLPBcp5CEOO4wajlYzJ4KAqCQDLgxRcAi9T5UdBiErRkIMipXQ6wsaFhEoB6CsvD5SO2L4TJM5otxdR0SGTVLyePvIPOfn0f6I6Lw62NK8.w1WxwVyNsb_Io7RdMR9PURrHLuaCwERORnr3GggPT3Q&dib_tag=se&keywords=laptop&qid=1770919668&sprefix=lapt%2Caps%2C463&sr=8-20&xpid=vjzpPUSu4zLUM
64,"Dell_Model 5320 | i7 | 11th Generation Processor | 16GB RAM | 512GB SSD | 13.3"" FHD Display | Win 10 Pro | A+ Condition Laptop (Refab & Tested)",,,,https://www.amazon.in/Dell_Model-5320-Generation-Processor-Condition/dp/B0GLZ1FDRX/ref=sr_1_3?crid=3NW6BLF8383HH&dib=eyJ2IjoiMSJ9.LvRYcMXe0gyflLpcoiYNjDQGiwtKVW-phB8l2zfUs6F2K8IB0k81FtY8l46ljuBNJJBQaPO6y6rlhRWd_3V_lCEgKf5RQeuOq-UVQsRKiVXAANlMHe5aNFzSLe0ovkdCHiLPBcp5CEOO4wajlYzJ4KAqCQDLgxRcAi9T5UdBiErRkIMipXQ6wsaFhEoB6CsvD5SO2L4TJM5otxdR0SGTVLyePvIPOfn0f6I6Lw62NK8.sNQp4CbAd7OJ-9oKAJcInx4xQmY2panieHzHOqZ7GQs&dib_tag=se&keywords=laptop&qid=1770919668&sprefix=lapt%2Caps%2C463&sr=8-3&xpid=vjzpPUSu4zLUM
65,"EBook 11.6"" HD Laptop | Best Student & Office Work Laptop | Celeron N4020 | 4GB DDR4 | 128GB eMMC + M.2 SSD Expandable Slot | Win 11 Home |31Wh Battery | UHD Graphics 600 | Black",10990.0,25000.0,5.0,https://www.amazon.in/Neopticon-Student-Celeron-Expandable-Graphics/dp/B0G2MT8YVV/ref=sr_1_4?crid=3NW6BLF8383HH&dib=eyJ2IjoiMSJ9.LvRYcMXe0gyflLpcoiYNjDQGiwtKVW-phB8l2zfUs6F2K8IB0k81FtY8l46ljuBNJJBQaPO6y6rlhRWd_3V_lCEgKf5RQeuOq-UVQsRKiVXAANlMHe5aNFzSLe0ovkdCHiLPBcp5CEOO4wajlYzJ4KAqCQDLgxRcAi9T5UdBiErRkIMipXQ6wsaFhEoB6CsvD5SO2L4TJM5otxdR0SGTVLyePvIPOfn0f6I6Lw62NK8.sNQp4CbAd7OJ-9oKAJcInx4xQmY2panieHzHOqZ7GQs&dib_tag=se&keywords=laptop&qid=1770919668&sprefix=lapt%2Caps%2C463&sr=8-4&xpid=vjzpPUSu4zLUM
66,"HP 15, AMD Ryzen 3 7320U (8GB DDR4, 512GB SSD) FHD, Anti-Glare, Micro-Edge, 15.6''/39.6cm, Win11, M365 Basic(1yr)* Office24, Silver, 1.59kg, fc0500AU, FHD Camera w/Privacy Shutter Laptop",36990.0,44783.0,4.0,https://www.amazon.in/HP-Anti-Glare-Micro-Edge-Office24-fc0500AU/dp/B0FJYJ8LVY/ref=sr_1_5?crid=3NW6BLF8383HH&dib=eyJ2IjoiMSJ9.LvRYcMXe0gyflLpcoiYNjDQGiwtKVW-phB8l2zfUs6F2K8IB0k81FtY8l46ljuBNJJBQaPO6y6rlhRWd_3V_lCEgKf5RQeuOq-UVQsRKiVXAANlMHe5aNFzSLe0ovkdCHiLPBcp5CEOO4wajlYzJ4KAqCQDLgxRcAi9T5UdBiErRkIMipXQ6wsaFhEoB6CsvD5SO2L4TJM5otxdR0SGTVLyePvIPOfn0f6I6Lw62NK8.sNQp4CbAd7OJ-9oKAJcInx4xQmY2panieHzHOqZ7GQs&dib_tag=se&keywords=laptop&qid=1770919668&sprefix=lapt%2Caps%2C463&sr=8-5&xpid=vjzpPUSu4zLUM
67,"Primebook 2 Max 2025 (New Launch) | 8GB RAM, 256GB UFS Storage | 15.6-Inch Full HD IPS Display | 12hrs Battery | MediaTek Helio G99 | Android 15 (PrimeOS 3.0) | Backlit Keyboard | in-Built AI (Gray)",22990.0,34990.0,4.3,https://www.amazon.in/sspa/click?ie=UTF8&spc=MTo2Njc4NzIxODA0OTAwMTQ3OjE3NzA5MTk2Njg6c3Bfc2VhcmNoX3RoZW1hdGljOjMwMDcwNjM5MjAxMDAzMjo6MDo6&url=%2FPrimebook-Storage-15-6-Inch-MediaTek-Keyboard%2Fdp%2FB0FFMQB3KL%2Fref%3Dsxin_14_pa_sp_search_thematic_sspa%3Fcontent-id%3Damzn1.sym.7e2c8ac4-9f12-4bcd-9497-a8ae54bc8764%253Aamzn1.sym.7e2c8ac4-9f12-4bcd-9497-a8ae54bc8764%26crid%3D3NW6BLF8383HH%26cv_ct_cx%3Dlaptop%26keywords%3Dlaptop%26pd_rd_i%3DB0FFMQB3KL%26pd_rd_r%3D273bbae8-8316-4f1a-ba53-4d764d694182%26pd_rd_w%3DLCy3u%26pd_rd_wg%3DaaXig%26pf_rd_p%3D7e2c8ac4-9f12-4bcd-9497-a8ae54bc8764%26pf_rd_r%3DBCV7Q6BVQXBTYDDEKHA2%26qid%3D1770919668%26sbo%3DRZvfv%252F%252FHxDF%252BO5021pAnSA%253D%253D%26sprefix%3Dlapt%252Caps%252C463%26sr%3D1-1-66673dcf-083f-43ba-b782-d4a436cc5cfb-spons%26xpid%3DvjzpPUSu4zLUM%26aref%3DzUANlRM61Y%26sp_csd%3Dd2lkZ2V0TmFtZT1zcF9zZWFyY2hfdGhlbWF0aWM%26psc%3D1&aref=zUANlRM61Y&sp_cr=ZAZ
68,"HP OmniBook 5 OLED (Previously Pavilion), Snapdragon X Processor (16GB LPDDR5x, 512GB SSD) 2K, 14''/35.6cm, Win11, M365 Basic(1yr)* Office24, Silver, 1.35kg, he0014QU, Light-Weight, Next-Gen AI Laptop",66020.0,83704.0,4.1,https://www.amazon.in/sspa/click?ie=UTF8&spc=MTo2Njc4NzIxODA0OTAwMTQ3OjE3NzA5MTk2Njg6c3Bfc2VhcmNoX3RoZW1hdGljOjMwMDkwMDY5NDE0ODUzMjo6MTo6&url=%2FHP-Previously-Snapdragon-Processor-Light-Weight%2Fdp%2FB0F8P4Y7VF%2Fref%3Dsxin_14_pa_sp_search_thematic_sspa%3Fcontent-id%3Damzn1.sym.7e2c8ac4-9f12-4bcd-9497-a8ae54bc8764%253Aamzn1.sym.7e2c8ac4-9f12-4bcd-9497-a8ae54bc8764%26crid%3D3NW6BLF8383HH%26cv_ct_cx%3Dlaptop%26keywords%3Dlaptop%26pd_rd_i%3DB0F8P4Y7VF%26pd_rd_r%3D273bbae8-8316-4f1a-ba53-4d764d694182%26pd_rd_w%3DLCy3u%26pd_rd_wg%3DaaXig%26pf_rd_p%3D7e2c8ac4-9f12-4bcd-9497-a8ae54bc8764%26pf_rd_r%3DBCV7Q6BVQXBTYDDEKHA2%26qid%3D1770919668%26sbo%3DRZvfv%252F%252FHxDF%252BO5021pAnSA%253D%253D%26sprefix%3Dlapt%252Caps%252C463%26sr%3D1-2-66673dcf-083f-43ba-b782-d4a436cc5cfb-spons%26xpid%3DvjzpPUSu4zLUM%26aref%3DZDXWmKYaWQ%26sp_csd%3Dd2lkZ2V0TmFtZT1zcF9zZWFyY2hfdGhlbWF0aWM%26psc%3D1&aref=ZDXWmKYaWQ&sp_cr=ZAZ
69,"Primebook 2 Neo 2025 (New Launch) | 6GB RAM, 128GB Storage (Upgradable Upto 512GB) | MediaTek Helio G99 | Android 15 (PrimeOS3.0) | in-Built AI | 11.6” Thin & Light Laptop | Type-C, USB, MicroSD Ports",15990.0,24990.0,4.4,https://www.amazon.in/sspa/click?ie=UTF8&spc=MTo2Njc4NzIxODA0OTAwMTQ3OjE3NzA5MTk2Njg6c3Bfc2VhcmNoX3RoZW1hdGljOjMwMDYyMTQ2MTg5MTEzMjo6Mjo6&url=%2FPrimebook-Upgradable-MediaTek-G99-PrimeOS3-0%2Fdp%2FB0FDLB7BQZ%2Fref%3Dsxin_14_pa_sp_search_thematic_sspa%3Fcontent-id%3Damzn1.sym.7e2c8ac4-9f12-4bcd-9497-a8ae54bc8764%253Aamzn1.sym.7e2c8ac4-9f12-4bcd-9497-a8ae54bc8764%26crid%3D3NW6BLF8383HH%26cv_ct_cx%3Dlaptop%26keywords%3Dlaptop%26pd_rd_i%3DB0FDLB7BQZ%26pd_rd_r%3D273bbae8-8316-4f1a-ba53-4d764d694182%26pd_rd_w%3DLCy3u%26pd_rd_wg%3DaaXig%26pf_rd_p%3D7e2c8ac4-9f12-4bcd-9497-a8ae54bc8764%26pf_rd_r%3DBCV7Q6BVQXBTYDDEKHA2%26qid%3D1770919668%26sbo%3DRZvfv%252F%252FHxDF%252BO5021pAnSA%253D%253D%26sprefix%3Dlapt%252Caps%252C463%26sr%3D1-3-66673dcf-083f-43ba-b782-d4a436cc5cfb-spons%26xpid%3DvjzpPUSu4zLUM%26aref%3DE8O8DLTkwq%26sp_csd%3Dd2lkZ2V0TmFtZT1zcF9zZWFyY2hfdGhlbWF0aWM%26psc%3D1&aref=E8O8DLTkwq&sp_cr=ZAZ
70,"MSI Cyborg 15, Intel 12th Gen. i5-12450H, 40CM FHD 144Hz Gaming Laptop (16GB/512GB NVMe SSD/Windows 11 Home/MSO 2021/NVIDIA GeForce RTX 3050, GDDR6 6GB/Translucent Black/1.9Kg) A12UDX-1468IN",75990.0,97990.0,4.8,https://www.amazon.in/sspa/click?ie=UTF8&spc=MTo2Njc4NzIxODA0OTAwMTQ3OjE3NzA5MTk2Njg6c3Bfc2VhcmNoX3RoZW1hdGljOjMwMDYxNTM5OTYwMzUzMjo6Mzo6&url=%2FMSI-i5-12450H-Windows-Translucent-A12UDX-1468IN%2Fdp%2FB0DJP6N8X5%2Fref%3Dsxin_14_pa_sp_search_thematic_sspa%3Fcontent-id%3Damzn1.sym.7e2c8ac4-9f12-4bcd-9497-a8ae54bc8764%253Aamzn1.sym.7e2c8ac4-9f12-4bcd-9497-a8ae54bc8764%26crid%3D3NW6BLF8383HH%26cv_ct_cx%3Dlaptop%26keywords%3Dlaptop%26pd_rd_i%3DB0DJP6N8X5%26pd_rd_r%3D273bbae8-8316-4f1a-ba53-4d764d694182%26pd_rd_w%3DLCy3u%26pd_rd_wg%3DaaXig%26pf_rd_p%3D7e2c8ac4-9f12-4bcd-9497-a8ae54bc8764%26pf_rd_r%3DBCV7Q6BVQXBTYDDEKHA2%26qid%3D1770919668%26sbo%3DRZvfv%252F%252FHxDF%252BO5021pAnSA%253D%253D%26sprefix%3Dlapt%252Caps%252C463%26sr%3D1-4-66673dcf-083f-43ba-b782-d4a436cc5cfb-spons%26xpid%3DvjzpPUSu4zLUM%26aref%3DbRai6LJPxe%26sp_csd%3Dd2lkZ2V0TmFtZT1zcF9zZWFyY2hfdGhlbWF0aWM%26psc%3D1&aref=bRai6LJPxe&sp_cr=ZAZ
71,"Primebook 2 Pro 2025 (New Launch) | 8GB RAM, 128GB UFS Storage | 14.1-Inch FHD IPS Display | 14 Hours Battery | MediaTek Helio G99 | Android 15 (PrimeOS 3.0) | Backlit Keyboard | in-Built AI (Aqua)",19990.0,29990.0,4.4,https://www.amazon.in/sspa/click?ie=UTF8&spc=MTo2Njc4NzIxODA0OTAwMTQ3OjE3NzA5MTk2Njg6c3Bfc2VhcmNoX3RoZW1hdGljOjMwMDgyMzcxOTI4MTIzMjo6NDo6&url=%2FPrimebook-Storage-14-1-Inch-MediaTek-Keyboard%2Fdp%2FB0FZJNZS65%2Fref%3Dsxin_14_pa_sp_search_thematic_sspa%3Fcontent-id%3Damzn1.sym.7e2c8ac4-9f12-4bcd-9497-a8ae54bc8764%253Aamzn1.sym.7e2c8ac4-9f12-4bcd-9497-a8ae54bc8764%26crid%3D3NW6BLF8383HH%26cv_ct_cx%3Dlaptop%26keywords%3Dlaptop%26pd_rd_i%3DB0FZJNZS65%26pd_rd_r%3D273bbae8-8316-4f1a-ba53-4d764d694182%26pd_rd_w%3DLCy3u%26pd_rd_wg%3DaaXig%26pf_rd_p%3D7e2c8ac4-9f12-4bcd-9497-a8ae54bc8764%26pf_rd_r%3DBCV7Q6BVQXBTYDDEKHA2%26qid%3D1770919668%26sbo%3DRZvfv%252F%252FHxDF%252BO5021pAnSA%253D%253D%26sprefix%3Dlapt%252Caps%252C463%26sr%3D1-5-66673dcf-083f-43ba-b782-d4a436cc5cfb-spons%26xpid%3DvjzpPUSu4zLUM%26aref%3DtjigWtyJ9a%26sp_csd%3Dd2lkZ2V0TmFtZT1zcF9zZWFyY2hfdGhlbWF0aWM%26psc%3D1&aref=tjigWtyJ9a&sp_cr=ZAZ
72,"BrowseBook 14.1"" FHD IPS Laptop | Best Student & Office Work Laptop | Celeron N4020 | 4GB RAM | 128GB SSD | Windows 11 | 38Wh | 1.3kg | Grey",12990.0,30000.0,3.0,https://www.amazon.in/Neopticon-BrowseBook-Student-Celeron-Windows/dp/B0FC64RYH1/ref=sr_1_6?crid=3NW6BLF8383HH&dib=eyJ2IjoiMSJ9.LvRYcMXe0gyflLpcoiYNjDQGiwtKVW-phB8l2zfUs6F2K8IB0k81FtY8l46ljuBNJJBQaPO6y6rlhRWd_3V_lCEgKf5RQeuOq-UVQsRKiVXAANlMHe5aNFzSLe0ovkdCHiLPBcp5CEOO4wajlYzJ4KAqCQDLgxRcAi9T5UdBiErRkIMipXQ6wsaFhEoB6CsvD5SO2L4TJM5otxdR0SGTVLyePvIPOfn0f6I6Lw62NK8.sNQp4CbAd7OJ-9oKAJcInx4xQmY2panieHzHOqZ7GQs&dib_tag=se&keywords=laptop&qid=1770919668&sprefix=lapt%2Caps%2C463&sr=8-6&xpid=vjzpPUSu4zLUM
73,Thomson NEO 14.1 Inch IN-P14C Intel Celeron Dual Core N4020 Processor & Window 11 Home Notebook (4 GB RAM DDR4/ 128 GB SSD/Numeric Touch Pad/Thin & Light Weight/Silver),12990.0,24990.0,,https://www.amazon.in/Thomson-Processor-Window-Notebook-Numeric/dp/B0DYVQYGP9/ref=sr_1_7?crid=3NW6BLF8383HH&dib=eyJ2IjoiMSJ9.LvRYcMXe0gyflLpcoiYNjDQGiwtKVW-phB8l2zfUs6F2K8IB0k81FtY8l46ljuBNJJBQaPO6y6rlhRWd_3V_lCEgKf5RQeuOq-UVQsRKiVXAANlMHe5aNFzSLe0ovkdCHiLPBcp5CEOO4wajlYzJ4KAqCQDLgxRcAi9T5UdBiErRkIMipXQ6wsaFhEoB6CsvD5SO2L4TJM5otxdR0SGTVLyePvIPOfn0f6I6Lw62NK8.sNQp4CbAd7OJ-9oKAJcInx4xQmY2panieHzHOqZ7GQs&dib_tag=se&keywords=laptop&qid=1770919668&sprefix=lapt%2Caps%2C463&sr=8-7&xpid=vjzpPUSu4zLUM
74,"JioBook 11 with Lifetime Office | Android 4G Laptop Mediatek 8788 (JioOS) | Octa-core | 4GB RAM | 64 eMMC Storage | Thin and Light Laptop (11.6 inch, 990 Grams) | Dual Band WiFi + SIM | Blue",10990.0,25000.0,2.9,https://www.amazon.in/JioBook-Octa-Core-LPDDR4-JioOS-Expandable/dp/B0CKX9PY1H/ref=sr_1_8?crid=3NW6BLF8383HH&dib=eyJ2IjoiMSJ9.LvRYcMXe0gyflLpcoiYNjDQGiwtKVW-phB8l2zfUs6F2K8IB0k81FtY8l46ljuBNJJBQaPO6y6rlhRWd_3V_lCEgKf5RQeuOq-UVQsRKiVXAANlMHe5aNFzSLe0ovkdCHiLPBcp5CEOO4wajlYzJ4KAqCQDLgxRcAi9T5UdBiErRkIMipXQ6wsaFhEoB6CsvD5SO2L4TJM5otxdR0SGTVLyePvIPOfn0f6I6Lw62NK8.sNQp4CbAd7OJ-9oKAJcInx4xQmY2panieHzHOqZ7GQs&dib_tag=se&keywords=laptop&qid=1770919668&sprefix=lapt%2Caps%2C463&sr=8-8&xpid=vjzpPUSu4zLUM
75,"Lenovo {SmartChoice)Chromebook Intel Celeron N4500 (4GB RAM/64GB eMMC 5.1/11.6 Inch (29.46cm)/HD Display/2Wx2 Stereo Speakers/HD Camera/Chrome OS/Blue/1.21Kg), 82UY0014HA",15990.0,36502.0,3.8,https://www.amazon.in/Lenovo-SmartChoice-Chromebook-Speakers-82UY0014HA/dp/B0F2TMZJ24/ref=sr_1_9?crid=3NW6BLF8383HH&dib=eyJ2IjoiMSJ9.LvRYcMXe0gyflLpcoiYNjDQGiwtKVW-phB8l2zfUs6F2K8IB0k81FtY8l46ljuBNJJBQaPO6y6rlhRWd_3V_lCEgKf5RQeuOq-UVQsRKiVXAANlMHe5aNFzSLe0ovkdCHiLPBcp5CEOO4wajlYzJ4KAqCQDLgxRcAi9T5UdBiErRkIMipXQ6wsaFhEoB6CsvD5SO2L4TJM5otxdR0SGTVLyePvIPOfn0f6I6Lw62NK8.sNQp4CbAd7OJ-9oKAJcInx4xQmY2panieHzHOqZ7GQs&dib_tag=se&keywords=laptop&qid=1770919668&sprefix=lapt%2Caps%2C463&sr=8-9&xpid=vjzpPUSu4zLUM
76,"HP 15 Consumer Series Laptop, Intel Core i3-1315U (13th Gen) 12GB DDR4 RAM,512GB NVMe SSD/ 15.6'' FHD Anti-Glare, Micro-Edge, Win11, M365 Basic(1yr)* Office24, Silver,1.59kg, FHD Camera with Shutter",40654.0,53933.0,4.1,https://www.amazon.in/HP-Consumer-i3-1315U-Anti-Glare-Micro-Edge/dp/B0FMYH3W73/ref=sr_1_10?crid=3NW6BLF8383HH&dib=eyJ2IjoiMSJ9.LvRYcMXe0gyflLpcoiYNjDQGiwtKVW-phB8l2zfUs6F2K8IB0k81FtY8l46ljuBNJJBQaPO6y6rlhRWd_3V_lCEgKf5RQeuOq-UVQsRKiVXAANlMHe5aNFzSLe0ovkdCHiLPBcp5CEOO4wajlYzJ4KAqCQDLgxRcAi9T5UdBiErRkIMipXQ6wsaFhEoB6CsvD5SO2L4TJM5otxdR0SGTVLyePvIPOfn0f6I6Lw62NK8.sNQp4CbAd7OJ-9oKAJcInx4xQmY2panieHzHOqZ7GQs&dib_tag=se&keywords=laptop&qid=1770919668&sprefix=lapt%2Caps%2C463&sr=8-10&xpid=vjzpPUSu4zLUM
77,"ASUS Vivobook Go 14, AMD Ryzen 3 7320U, 8GB RAM, 512GB SSD, FHD 14"", Windows 11, Office Home 2024, Mixed Black, 1.38 kg, E1404FA-NK3325WS, AMD Radeon iGPU, M365 Basic (1Year)*, Thin & Light Laptop",34990.0,43990.0,4.1,https://www.amazon.in/ASUS-Vivobook-Radeon-Windows-E1404FA-NK3325WS/dp/B0DTYNRVRX/ref=sr_1_13?crid=3NW6BLF8383HH&dib=eyJ2IjoiMSJ9.LvRYcMXe0gyflLpcoiYNjDQGiwtKVW-phB8l2zfUs6F2K8IB0k81FtY8l46ljuBNJJBQaPO6y6rlhRWd_3V_lCEgKf5RQeuOq-UVQsRKiVXAANlMHe5aNFzSLe0ovkdCHiLPBcp5CEOO4wajlYzJ4KAqCQDLgxRcAi9T5UdBiErRkIMipXQ6wsaFhEoB6CsvD5SO2L4TJM5otxdR0SGTVLyePvIPOfn0f6I6Lw62NK8.sNQp4CbAd7OJ-9oKAJcInx4xQmY2panieHzHOqZ7GQs&dib_tag=se&keywords=laptop&qid=1770919668&sprefix=lapt%2Caps%2C463&sr=8-13&xpid=vjzpPUSu4zLUM
78,"HP Omnibook 5 OLED, Snapdragon X Processor (16GB LPDDR5x,1TB SSD) 2K OLED, Micro-Edge, 16''/40.6cm, Win11, M365*Office24, Glacier Silver, 1.59kg, fb0001QU, FHD Camera, Backlit, Next-Gen AI Laptop",71340.0,85965.0,4.1,https://www.amazon.in/HP-Snapdragon-Processor-Micro-Edge-fb0001QU/dp/B0FRM3G9JF/ref=sr_1_14?crid=3NW6BLF8383HH&dib=eyJ2IjoiMSJ9.LvRYcMXe0gyflLpcoiYNjDQGiwtKVW-phB8l2zfUs6F2K8IB0k81FtY8l46ljuBNJJBQaPO6y6rlhRWd_3V_lCEgKf5RQeuOq-UVQsRKiVXAANlMHe5aNFzSLe0ovkdCHiLPBcp5CEOO4wajlYzJ4KAqCQDLgxRcAi9T5UdBiErRkIMipXQ6wsaFhEoB6CsvD5SO2L4TJM5otxdR0SGTVLyePvIPOfn0f6I6Lw62NK8.sNQp4CbAd7OJ-9oKAJcInx4xQmY2panieHzHOqZ7GQs&dib_tag=se&keywords=laptop&qid=1770919668&sprefix=lapt%2Caps%2C463&sr=8-14&xpid=vjzpPUSu4zLUM
79,"HP 15, 13th Gen Intel Core i3-1315U (12GB DDR4, 512GB SSD) FHD, Anti-Glare, Micro-Edge, 15.6''/39.6cm, Win11, M365 Basic(1yr)* Office24, Silver, 1.59kg, fd0573TU, FHD Camera w/Shutter Laptop",41990.0,52721.0,4.1,https://www.amazon.in/HP-i3-1315U-Anti-Glare-Micro-Edge-fd0573TU/dp/B0F4R3GFMQ/ref=sr_1_15?crid=3NW6BLF8383HH&dib=eyJ2IjoiMSJ9.LvRYcMXe0gyflLpcoiYNjDQGiwtKVW-phB8l2zfUs6F2K8IB0k81FtY8l46ljuBNJJBQaPO6y6rlhRWd_3V_lCEgKf5RQeuOq-UVQsRKiVXAANlMHe5aNFzSLe0ovkdCHiLPBcp5CEOO4wajlYzJ4KAqCQDLgxRcAi9T5UdBiErRkIMipXQ6wsaFhEoB6CsvD5SO2L4TJM5otxdR0SGTVLyePvIPOfn0f6I6Lw62NK8.sNQp4CbAd7OJ-9oKAJcInx4xQmY2panieHzHOqZ7GQs&dib_tag=se&keywords=laptop&qid=1770919668&sprefix=lapt%2Caps%2C463&sr=8-15&xpid=vjzpPUSu4zLUM
80,"acer Aspire 3, Intel Core Celeron N4500, 12GB LPDDR4X RAM, 512GB SSD, HD, 15.6""/39.62cm, Windows 11 Home, Pure Silver, 1.5KG, A325-45, Thin and Light Laptop",31999.0,35999.0,3.4,https://www.amazon.in/Celeron-LPDDR4X-39-62cm-Windows-A325-45/dp/B0FF4QBNWM/ref=sr_1_16?crid=3NW6BLF8383HH&dib=eyJ2IjoiMSJ9.LvRYcMXe0gyflLpcoiYNjDQGiwtKVW-phB8l2zfUs6F2K8IB0k81FtY8l46ljuBNJJBQaPO6y6rlhRWd_3V_lCEgKf5RQeuOq-UVQsRKiVXAANlMHe5aNFzSLe0ovkdCHiLPBcp5CEOO4wajlYzJ4KAqCQDLgxRcAi9T5UdBiErRkIMipXQ6wsaFhEoB6CsvD5SO2L4TJM5otxdR0SGTVLyePvIPOfn0f6I6Lw62NK8.sNQp4CbAd7OJ-9oKAJcInx4xQmY2panieHzHOqZ7GQs&dib_tag=se&keywords=laptop&qid=1770919668&sprefix=lapt%2Caps%2C463&sr=8-16&xpid=vjzpPUSu4zLUM
81,Thomson NEO 14.1 Inch IN-P14C Intel Celeron Dual Core N4020 Processor & Window 11 Notebook (8 GB RAM DDR4/ 256 GB SSD/Numeric Touch Pad/1MP Webcam/Silver),14990.0,27990.0,3.0,https://www.amazon.in/Thomson-Window-Notebook-Numeric-Webcam/dp/B0DYVR777M/ref=sr_1_17?crid=3NW6BLF8383HH&dib=eyJ2IjoiMSJ9.LvRYcMXe0gyflLpcoiYNjDQGiwtKVW-phB8l2zfUs6F2K8IB0k81FtY8l46ljuBNJJBQaPO6y6rlhRWd_3V_lCEgKf5RQeuOq-UVQsRKiVXAANlMHe5aNFzSLe0ovkdCHiLPBcp5CEOO4wajlYzJ4KAqCQDLgxRcAi9T5UdBiErRkIMipXQ6wsaFhEoB6CsvD5SO2L4TJM5otxdR0SGTVLyePvIPOfn0f6I6Lw62NK8.sNQp4CbAd7OJ-9oKAJcInx4xQmY2panieHzHOqZ7GQs&dib_tag=se&keywords=laptop&qid=1770919668&sprefix=lapt%2Caps%2C463&sr=8-17&xpid=vjzpPUSu4zLUM
82,"ASUS TUF A15 (2025), AMD Ryzen 7 7445HS, Gaming Laptop(RTX 3050,75W TGP,16GB DDR5(Upgradeable Upto 64GB )512GB SSD,FHD,15.6"",144Hz,RGB Keyboard,48Whrs,Windows 11,Graphite Black,2.3 Kg) FA506NCG-HN199W",70990.0,83990.0,4.2,https://www.amazon.in/ASUS-Upgradeable-Keyboard-Graphite-FA506NCG-HN199W/dp/B0FM3C4L2F/ref=sr_1_18?crid=3NW6BLF8383HH&dib=eyJ2IjoiMSJ9.LvRYcMXe0gyflLpcoiYNjDQGiwtKVW-phB8l2zfUs6F2K8IB0k81FtY8l46ljuBNJJBQaPO6y6rlhRWd_3V_lCEgKf5RQeuOq-UVQsRKiVXAANlMHe5aNFzSLe0ovkdCHiLPBcp5CEOO4wajlYzJ4KAqCQDLgxRcAi9T5UdBiErRkIMipXQ6wsaFhEoB6CsvD5SO2L4TJM5otxdR0SGTVLyePvIPOfn0f6I6Lw62NK8.sNQp4CbAd7OJ-9oKAJcInx4xQmY2panieHzHOqZ7GQs&dib_tag=se&keywords=laptop&qid=1770919668&sprefix=lapt%2Caps%2C463&sr=8-18&xpid=vjzpPUSu4zLUM
83,"HP 14s Intel Celeron Dual Core N4500 Laptop (8GB/512GB SSD/Win 11) 14.0"" HD Display, MSO 24, Black, 1.46kg, DQ3149TU Thin and Light Business Laptop",28690.0,30299.0,3.4,https://www.amazon.in/HP-Celeron-Display-DQ3149TU-Business/dp/B0FYYBXPPD/ref=sr_1_19?crid=3NW6BLF8383HH&dib=eyJ2IjoiMSJ9.LvRYcMXe0gyflLpcoiYNjDQGiwtKVW-phB8l2zfUs6F2K8IB0k81FtY8l46ljuBNJJBQaPO6y6rlhRWd_3V_lCEgKf5RQeuOq-UVQsRKiVXAANlMHe5aNFzSLe0ovkdCHiLPBcp5CEOO4wajlYzJ4KAqCQDLgxRcAi9T5UdBiErRkIMipXQ6wsaFhEoB6CsvD5SO2L4TJM5otxdR0SGTVLyePvIPOfn0f6I6Lw62NK8.sNQp4CbAd7OJ-9oKAJcInx4xQmY2panieHzHOqZ7GQs&dib_tag=se&keywords=laptop&qid=1770919668&sprefix=lapt%2Caps%2C463&sr=8-19&xpid=vjzpPUSu4zLUM
84,"HP 15, 13th Gen Intel Core i5-1334U, (16GB DDR4,512GB SSD) Anti-Glare, Micro-Edge, FHD, 15.6''/39.6cm, Win11, M365 Basic(1yr)* Office24, Silver, 1.59kg, fd0577TU, Iris Xe, FHD Camera w/Shutter Laptop",54990.0,70841.0,3.9,https://www.amazon.in/HP-i5-1334U-Anti-Glare-Micro-Edge-fd0577TU/dp/B0F4R6H3NB/ref=sr_1_20?crid=3NW6BLF8383HH&dib=eyJ2IjoiMSJ9.LvRYcMXe0gyflLpcoiYNjDQGiwtKVW-phB8l2zfUs6F2K8IB0k81FtY8l46ljuBNJJBQaPO6y6rlhRWd_3V_lCEgKf5RQeuOq-UVQsRKiVXAANlMHe5aNFzSLe0ovkdCHiLPBcp5CEOO4wajlYzJ4KAqCQDLgxRcAi9T5UdBiErRkIMipXQ6wsaFhEoB6CsvD5SO2L4TJM5otxdR0SGTVLyePvIPOfn0f6I6Lw62NK8.sNQp4CbAd7OJ-9oKAJcInx4xQmY2panieHzHOqZ7GQs&dib_tag=se&keywords=laptop&qid=1770919668&sprefix=lapt%2Caps%2C463&sr=8-20&xpid=vjzpPUSu4zLUM
85,"Dell_Model 5320 | i7 | 11th Generation Processor | 16GB RAM | 512GB SSD | 13.3"" FHD Display | Win 10 Pro | A+ Condition Laptop (Refab & Tested)",,,,https://www.amazon.in/Dell_Model-5320-Generation-Processor-Condition/dp/B0GLZ1FDRX/ref=sr_1_3?crid=3NW6BLF8383HH&dib=eyJ2IjoiMSJ9.LvRYcMXe0gyflLpcoiYNjDQGiwtKVW-phB8l2zfUs6F2K8IB0k81FtY8l46ljuBNJJBQaPO6y6rlhRWd_3V_lCEgKf5RQeuOq-UVQsRKiVXAANlMHe5aNFzSLe0ovkdCHiLPBcp5CEOO4wajlYzJ4KAqCQDLgxRcAi9T5UdBiErRkIMipXQ6wsaFhEoB6CsvD5SO2L4TJM5otxdR0SGTVLyePvIPOfn0f6I6Lw62NK8.kNwI6P5Tp7sCQBWVFET_3jVqbz2ZWu9JfEeAIKMwKlg&dib_tag=se&keywords=laptop&qid=1770919668&sprefix=lapt%2Caps%2C463&sr=8-3&xpid=vjzpPUSu4zLUM
86,"EBook 11.6"" HD Laptop | Best Student & Office Work Laptop | Celeron N4020 | 4GB DDR4 | 128GB eMMC + M.2 SSD Expandable Slot | Win 11 Home |31Wh Battery | UHD Graphics 600 | Black",10990.0,25000.0,5.0,https://www.amazon.in/Neopticon-Student-Celeron-Expandable-Graphics/dp/B0G2MT8YVV/ref=sr_1_4?crid=3NW6BLF8383HH&dib=eyJ2IjoiMSJ9.LvRYcMXe0gyflLpcoiYNjDQGiwtKVW-phB8l2zfUs6F2K8IB0k81FtY8l46ljuBNJJBQaPO6y6rlhRWd_3V_lCEgKf5RQeuOq-UVQsRKiVXAANlMHe5aNFzSLe0ovkdCHiLPBcp5CEOO4wajlYzJ4KAqCQDLgxRcAi9T5UdBiErRkIMipXQ6wsaFhEoB6CsvD5SO2L4TJM5otxdR0SGTVLyePvIPOfn0f6I6Lw62NK8.kNwI6P5Tp7sCQBWVFET_3jVqbz2ZWu9JfEeAIKMwKlg&dib_tag=se&keywords=laptop&qid=1770919668&sprefix=lapt%2Caps%2C463&sr=8-4&xpid=vjzpPUSu4zLUM
87,"HP 15, AMD Ryzen 3 7320U (8GB DDR4, 512GB SSD) FHD, Anti-Glare, Micro-Edge, 15.6''/39.6cm, Win11, M365 Basic(1yr)* Office24, Silver, 1.59kg, fc0500AU, FHD Camera w/Privacy Shutter Laptop",36990.0,44783.0,4.0,https://www.amazon.in/HP-Anti-Glare-Micro-Edge-Office24-fc0500AU/dp/B0FJYJ8LVY/ref=sr_1_5?crid=3NW6BLF8383HH&dib=eyJ2IjoiMSJ9.LvRYcMXe0gyflLpcoiYNjDQGiwtKVW-phB8l2zfUs6F2K8IB0k81FtY8l46ljuBNJJBQaPO6y6rlhRWd_3V_lCEgKf5RQeuOq-UVQsRKiVXAANlMHe5aNFzSLe0ovkdCHiLPBcp5CEOO4wajlYzJ4KAqCQDLgxRcAi9T5UdBiErRkIMipXQ6wsaFhEoB6CsvD5SO2L4TJM5otxdR0SGTVLyePvIPOfn0f6I6Lw62NK8.kNwI6P5Tp7sCQBWVFET_3jVqbz2ZWu9JfEeAIKMwKlg&dib_tag=se&keywords=laptop&qid=1770919668&sprefix=lapt%2Caps%2C463&sr=8-5&xpid=vjzpPUSu4zLUM
88,"HP Omnibook 5 OLED, Snapdragon X Processor (16GB LPDDR5x,1TB SSD) 2K OLED, Micro-Edge, 16''/40.6cm, Win11, M365*Office24, Glacier Silver, 1.59kg, fb0001QU, FHD Camera, Backlit, Next-Gen AI Laptop",71340.0,85965.0,4.1,https://www.amazon.in/sspa/click?ie=UTF8&spc=MTozMzI0NTgxODQxMDM2OTgxOjE3NzA5MTk2Njg6c3Bfc2VhcmNoX3RoZW1hdGljOjMwMDkwMDY5NDE0ODYzMjo6MDo6&url=%2FHP-Snapdragon-Processor-Micro-Edge-fb0001QU%2Fdp%2FB0FRM3G9JF%2Fref%3Dsxin_14_pa_sp_search_thematic_sspa%3Fcontent-id%3Damzn1.sym.7e2c8ac4-9f12-4bcd-9497-a8ae54bc8764%253Aamzn1.sym.7e2c8ac4-9f12-4bcd-9497-a8ae54bc8764%26crid%3D3NW6BLF8383HH%26cv_ct_cx%3Dlaptop%26keywords%3Dlaptop%26pd_rd_i%3DB0FRM3G9JF%26pd_rd_r%3D6682db45-028b-46a8-bf5d-8de6e56e27bb%26pd_rd_w%3D9PuA7%26pd_rd_wg%3DNhf5l%26pf_rd_p%3D7e2c8ac4-9f12-4bcd-9497-a8ae54bc8764%26pf_rd_r%3DM5S9X8VHWQ078C1C884F%26qid%3D1770919668%26sbo%3DRZvfv%252F%252FHxDF%252BO5021pAnSA%253D%253D%26sprefix%3Dlapt%252Caps%252C463%26sr%3D1-1-66673dcf-083f-43ba-b782-d4a436cc5cfb-spons%26xpid%3DvjzpPUSu4zLUM%26aref%3Dt3IlMZ5VyW%26sp_csd%3Dd2lkZ2V0TmFtZT1zcF9zZWFyY2hfdGhlbWF0aWM%26psc%3D1&aref=t3IlMZ5VyW&sp_cr=ZAZ
89,"Primebook 2 Max 2025 (New Launch) | 8GB RAM, 256GB UFS Storage | 15.6-Inch Full HD IPS Display | 12hrs Battery | MediaTek Helio G99 | Android 15 (PrimeOS 3.0) | Backlit Keyboard | in-Built AI (Gray)",22990.0,34990.0,4.3,https://www.amazon.in/sspa/click?ie=UTF8&spc=MTozMzI0NTgxODQxMDM2OTgxOjE3NzA5MTk2Njg6c3Bfc2VhcmNoX3RoZW1hdGljOjMwMDcwNjM5MjAxMDAzMjo6MTo6&url=%2FPrimebook-Storage-15-6-Inch-MediaTek-Keyboard%2Fdp%2FB0FFMQB3KL%2Fref%3Dsxin_14_pa_sp_search_thematic_sspa%3Fcontent-id%3Damzn1.sym.7e2c8ac4-9f12-4bcd-9497-a8ae54bc8764%253Aamzn1.sym.7e2c8ac4-9f12-4bcd-9497-a8ae54bc8764%26crid%3D3NW6BLF8383HH%26cv_ct_cx%3Dlaptop%26keywords%3Dlaptop%26pd_rd_i%3DB0FFMQB3KL%26pd_rd_r%3D6682db45-028b-46a8-bf5d-8de6e56e27bb%26pd_rd_w%3D9PuA7%26pd_rd_wg%3DNhf5l%26pf_rd_p%3D7e2c8ac4-9f12-4bcd-9497-a8ae54bc8764%26pf_rd_r%3DM5S9X8VHWQ078C1C884F%26qid%3D1770919668%26sbo%3DRZvfv%252F%252FHxDF%252BO5021pAnSA%253D%253D%26sprefix%3Dlapt%252Caps%252C463%26sr%3D1-2-66673dcf-083f-43ba-b782-d4a436cc5cfb-spons%26xpid%3DvjzpPUSu4zLUM%26aref%3DzUANlRM61Y%26sp_csd%3Dd2lkZ2V0TmFtZT1zcF9zZWFyY2hfdGhlbWF0aWM%26psc%3D1&aref=zUANlRM61Y&sp_cr=ZAZ
90,"Primebook 2 Neo 2025 (New Launch) | 6GB RAM, 128GB Storage (Upgradable Upto 512GB) | MediaTek Helio G99 | Android 15 (PrimeOS3.0) | in-Built AI | 11.6” Thin & Light Laptop | Type-C, USB, MicroSD Ports",15990.0,24990.0,4.4,https://www.amazon.in/sspa/click?ie=UTF8&spc=MTozMzI0NTgxODQxMDM2OTgxOjE3NzA5MTk2Njg6c3Bfc2VhcmNoX3RoZW1hdGljOjMwMDYyMTQ2MTg5MTEzMjo6Mjo6&url=%2FPrimebook-Upgradable-MediaTek-G99-PrimeOS3-0%2Fdp%2FB0FDLB7BQZ%2Fref%3Dsxin_14_pa_sp_search_thematic_sspa%3Fcontent-id%3Damzn1.sym.7e2c8ac4-9f12-4bcd-9497-a8ae54bc8764%253Aamzn1.sym.7e2c8ac4-9f12-4bcd-9497-a8ae54bc8764%26crid%3D3NW6BLF8383HH%26cv_ct_cx%3Dlaptop%26keywords%3Dlaptop%26pd_rd_i%3DB0FDLB7BQZ%26pd_rd_r%3D6682db45-028b-46a8-bf5d-8de6e56e27bb%26pd_rd_w%3D9PuA7%26pd_rd_wg%3DNhf5l%26pf_rd_p%3D7e2c8ac4-9f12-4bcd-9497-a8ae54bc8764%26pf_rd_r%3DM5S9X8VHWQ078C1C884F%26qid%3D1770919668%26sbo%3DRZvfv%252F%252FHxDF%252BO5021pAnSA%253D%253D%26sprefix%3Dlapt%252Caps%252C463%26sr%3D1-3-66673dcf-083f-43ba-b782-d4a436cc5cfb-spons%26xpid%3DvjzpPUSu4zLUM%26aref%3DE8O8DLTkwq%26sp_csd%3Dd2lkZ2V0TmFtZT1zcF9zZWFyY2hfdGhlbWF0aWM%26psc%3D1&aref=E8O8DLTkwq&sp_cr=ZAZ
91,"MSI Cyborg 15, Intel 12th Gen. i5-12450H, 40CM FHD 144Hz Gaming Laptop (16GB/512GB NVMe SSD/Windows 11 Home/MSO 2021/NVIDIA GeForce RTX 3050, GDDR6 6GB/Translucent Black/1.9Kg) A12UDX-1468IN",75990.0,97990.0,4.8,https://www.amazon.in/sspa/click?ie=UTF8&spc=MTozMzI0NTgxODQxMDM2OTgxOjE3NzA5MTk2Njg6c3Bfc2VhcmNoX3RoZW1hdGljOjMwMDYxNTM5OTYwMzUzMjo6Mzo6&url=%2FMSI-i5-12450H-Windows-Translucent-A12UDX-1468IN%2Fdp%2FB0DJP6N8X5%2Fref%3Dsxin_14_pa_sp_search_thematic_sspa%3Fcontent-id%3Damzn1.sym.7e2c8ac4-9f12-4bcd-9497-a8ae54bc8764%253Aamzn1.sym.7e2c8ac4-9f12-4bcd-9497-a8ae54bc8764%26crid%3D3NW6BLF8383HH%26cv_ct_cx%3Dlaptop%26keywords%3Dlaptop%26pd_rd_i%3DB0DJP6N8X5%26pd_rd_r%3D6682db45-028b-46a8-bf5d-8de6e56e27bb%26pd_rd_w%3D9PuA7%26pd_rd_wg%3DNhf5l%26pf_rd_p%3D7e2c8ac4-9f12-4bcd-9497-a8ae54bc8764%26pf_rd_r%3DM5S9X8VHWQ078C1C884F%26qid%3D1770919668%26sbo%3DRZvfv%252F%252FHxDF%252BO5021pAnSA%253D%253D%26sprefix%3Dlapt%252Caps%252C463%26sr%3D1-4-66673dcf-083f-43ba-b782-d4a436cc5cfb-spons%26xpid%3DvjzpPUSu4zLUM%26aref%3DbRai6LJPxe%26sp_csd%3Dd2lkZ2V0TmFtZT1zcF9zZWFyY2hfdGhlbWF0aWM%26psc%3D1&aref=bRai6LJPxe&sp_cr=ZAZ
92,"Primebook 2 Pro 2025 (New Launch) | 8GB RAM, 128GB UFS Storage | 14.1-Inch FHD IPS Display | 14 Hours Battery | MediaTek Helio G99 | Android 15 (PrimeOS 3.0) | Backlit Keyboard | in-Built AI (Aqua)",19990.0,29990.0,4.4,https://www.amazon.in/sspa/click?ie=UTF8&spc=MTozMzI0NTgxODQxMDM2OTgxOjE3NzA5MTk2Njg6c3Bfc2VhcmNoX3RoZW1hdGljOjMwMDgyMzcxOTI4MTIzMjo6NDo6&url=%2FPrimebook-Storage-14-1-Inch-MediaTek-Keyboard%2Fdp%2FB0FZJNZS65%2Fref%3Dsxin_14_pa_sp_search_thematic_sspa%3Fcontent-id%3Damzn1.sym.7e2c8ac4-9f12-4bcd-9497-a8ae54bc8764%253Aamzn1.sym.7e2c8ac4-9f12-4bcd-9497-a8ae54bc8764%26crid%3D3NW6BLF8383HH%26cv_ct_cx%3Dlaptop%26keywords%3Dlaptop%26pd_rd_i%3DB0FZJNZS65%26pd_rd_r%3D6682db45-028b-46a8-bf5d-8de6e56e27bb%26pd_rd_w%3D9PuA7%26pd_rd_wg%3DNhf5l%26pf_rd_p%3D7e2c8ac4-9f12-4bcd-9497-a8ae54bc8764%26pf_rd_r%3DM5S9X8VHWQ078C1C884F%26qid%3D1770919668%26sbo%3DRZvfv%252F%252FHxDF%252BO5021pAnSA%253D%253D%26sprefix%3Dlapt%252Caps%252C463%26sr%3D1-5-66673dcf-083f-43ba-b782-d4a436cc5cfb-spons%26xpid%3DvjzpPUSu4zLUM%26aref%3DtjigWtyJ9a%26sp_csd%3Dd2lkZ2V0TmFtZT1zcF9zZWFyY2hfdGhlbWF0aWM%26psc%3D1&aref=tjigWtyJ9a&sp_cr=ZAZ
93,"BrowseBook 14.1"" FHD IPS Laptop | Best Student & Office Work Laptop | Celeron N4020 | 4GB RAM | 128GB SSD | Windows 11 | 38Wh | 1.3kg | Grey",12990.0,30000.0,3.0,https://www.amazon.in/Neopticon-BrowseBook-Student-Celeron-Windows/dp/B0FC64RYH1/ref=sr_1_6?crid=3NW6BLF8383HH&dib=eyJ2IjoiMSJ9.LvRYcMXe0gyflLpcoiYNjDQGiwtKVW-phB8l2zfUs6F2K8IB0k81FtY8l46ljuBNJJBQaPO6y6rlhRWd_3V_lCEgKf5RQeuOq-UVQsRKiVXAANlMHe5aNFzSLe0ovkdCHiLPBcp5CEOO4wajlYzJ4KAqCQDLgxRcAi9T5UdBiErRkIMipXQ6wsaFhEoB6CsvD5SO2L4TJM5otxdR0SGTVLyePvIPOfn0f6I6Lw62NK8.kNwI6P5Tp7sCQBWVFET_3jVqbz2ZWu9JfEeAIKMwKlg&dib_tag=se&keywords=laptop&qid=1770919668&sprefix=lapt%2Caps%2C463&sr=8-6&xpid=vjzpPUSu4zLUM
94,Thomson NEO 14.1 Inch IN-P14C Intel Celeron Dual Core N4020 Processor & Window 11 Home Notebook (4 GB RAM DDR4/ 128 GB SSD/Numeric Touch Pad/Thin & Light Weight/Silver),12990.0,24990.0,,https://www.amazon.in/Thomson-Processor-Window-Notebook-Numeric/dp/B0DYVQYGP9/ref=sr_1_7?crid=3NW6BLF8383HH&dib=eyJ2IjoiMSJ9.LvRYcMXe0gyflLpcoiYNjDQGiwtKVW-phB8l2zfUs6F2K8IB0k81FtY8l46ljuBNJJBQaPO6y6rlhRWd_3V_lCEgKf5RQeuOq-UVQsRKiVXAANlMHe5aNFzSLe0ovkdCHiLPBcp5CEOO4wajlYzJ4KAqCQDLgxRcAi9T5UdBiErRkIMipXQ6wsaFhEoB6CsvD5SO2L4TJM5otxdR0SGTVLyePvIPOfn0f6I6Lw62NK8.kNwI6P5Tp7sCQBWVFET_3jVqbz2ZWu9JfEeAIKMwKlg&dib_tag=se&keywords=laptop&qid=1770919668&sprefix=lapt%2Caps%2C463&sr=8-7&xpid=vjzpPUSu4zLUM
95,"JioBook 11 with Lifetime Office | Android 4G Laptop Mediatek 8788 (JioOS) | Octa-core | 4GB RAM | 64 eMMC Storage | Thin and Light Laptop (11.6 inch, 990 Grams) | Dual Band WiFi + SIM | Blue",10990.0,25000.0,2.9,https://www.amazon.in/JioBook-Octa-Core-LPDDR4-JioOS-Expandable/dp/B0CKX9PY1H/ref=sr_1_8?crid=3NW6BLF8383HH&dib=eyJ2IjoiMSJ9.LvRYcMXe0gyflLpcoiYNjDQGiwtKVW-phB8l2zfUs6F2K8IB0k81FtY8l46ljuBNJJBQaPO6y6rlhRWd_3V_lCEgKf5RQeuOq-UVQsRKiVXAANlMHe5aNFzSLe0ovkdCHiLPBcp5CEOO4wajlYzJ4KAqCQDLgxRcAi9T5UdBiErRkIMipXQ6wsaFhEoB6CsvD5SO2L4TJM5otxdR0SGTVLyePvIPOfn0f6I6Lw62NK8.kNwI6P5Tp7sCQBWVFET_3jVqbz2ZWu9JfEeAIKMwKlg&dib_tag=se&keywords=laptop&qid=1770919668&sprefix=lapt%2Caps%2C463&sr=8-8&xpid=vjzpPUSu4zLUM
96,"Lenovo {SmartChoice)Chromebook Intel Celeron N4500 (4GB RAM/64GB eMMC 5.1/11.6 Inch (29.46cm)/HD Display/2Wx2 Stereo Speakers/HD Camera/Chrome OS/Blue/1.21Kg), 82UY0014HA",15990.0,36502.0,3.8,https://www.amazon.in/Lenovo-SmartChoice-Chromebook-Speakers-82UY0014HA/dp/B0F2TMZJ24/ref=sr_1_9?crid=3NW6BLF8383HH&dib=eyJ2IjoiMSJ9.LvRYcMXe0gyflLpcoiYNjDQGiwtKVW-phB8l2zfUs6F2K8IB0k81FtY8l46ljuBNJJBQaPO6y6rlhRWd_3V_lCEgKf5RQeuOq-UVQsRKiVXAANlMHe5aNFzSLe0ovkdCHiLPBcp5CEOO4wajlYzJ4KAqCQDLgxRcAi9T5UdBiErRkIMipXQ6wsaFhEoB6CsvD5SO2L4TJM5otxdR0SGTVLyePvIPOfn0f6I6Lw62NK8.kNwI6P5Tp7sCQBWVFET_3jVqbz2ZWu9JfEeAIKMwKlg&dib_tag=se&keywords=laptop&qid=1770919668&sprefix=lapt%2Caps%2C463&sr=8-9&xpid=vjzpPUSu4zLUM
97,"HP 15 Consumer Series Laptop, Intel Core i3-1315U (13th Gen) 12GB DDR4 RAM,512GB NVMe SSD/ 15.6'' FHD Anti-Glare, Micro-Edge, Win11, M365 Basic(1yr)* Office24, Silver,1.59kg, FHD Camera with Shutter",40654.0,53933.0,4.1,https://www.amazon.in/HP-Consumer-i3-1315U-Anti-Glare-Micro-Edge/dp/B0FMYH3W73/ref=sr_1_10?crid=3NW6BLF8383HH&dib=eyJ2IjoiMSJ9.LvRYcMXe0gyflLpcoiYNjDQGiwtKVW-phB8l2zfUs6F2K8IB0k81FtY8l46ljuBNJJBQaPO6y6rlhRWd_3V_lCEgKf5RQeuOq-UVQsRKiVXAANlMHe5aNFzSLe0ovkdCHiLPBcp5CEOO4wajlYzJ4KAqCQDLgxRcAi9T5UdBiErRkIMipXQ6wsaFhEoB6CsvD5SO2L4TJM5otxdR0SGTVLyePvIPOfn0f6I6Lw62NK8.kNwI6P5Tp7sCQBWVFET_3jVqbz2ZWu9JfEeAIKMwKlg&dib_tag=se&keywords=laptop&qid=1770919668&sprefix=lapt%2Caps%2C463&sr=8-10&xpid=vjzpPUSu4zLUM
98,"ASUS Vivobook Go 14, AMD Ryzen 3 7320U, 8GB RAM, 512GB SSD, FHD 14"", Windows 11, Office Home 2024, Mixed Black, 1.38 kg, E1404FA-NK3325WS, AMD Radeon iGPU, M365 Basic (1Year)*, Thin & Light Laptop",34990.0,43990.0,4.1,https://www.amazon.in/ASUS-Vivobook-Radeon-Windows-E1404FA-NK3325WS/dp/B0DTYNRVRX/ref=sr_1_13?crid=3NW6BLF8383HH&dib=eyJ2IjoiMSJ9.LvRYcMXe0gyflLpcoiYNjDQGiwtKVW-phB8l2zfUs6F2K8IB0k81FtY8l46ljuBNJJBQaPO6y6rlhRWd_3V_lCEgKf5RQeuOq-UVQsRKiVXAANlMHe5aNFzSLe0ovkdCHiLPBcp5CEOO4wajlYzJ4KAqCQDLgxRcAi9T5UdBiErRkIMipXQ6wsaFhEoB6CsvD5SO2L4TJM5otxdR0SGTVLyePvIPOfn0f6I6Lw62NK8.kNwI6P5Tp7sCQBWVFET_3jVqbz2ZWu9JfEeAIKMwKlg&dib_tag=se&keywords=laptop&qid=1770919668&sprefix=lapt%2Caps%2C463&sr=8-13&xpid=vjzpPUSu4zLUM
99,"HP Omnibook 5 OLED, Snapdragon X Processor (16GB LPDDR5x,1TB SSD) 2K OLED, Micro-Edge, 16''/40.6cm, Win11, M365*Office24, Glacier Silver, 1.59kg, fb0001QU, FHD Camera, Backlit, Next-Gen AI Laptop",71340.0,85965.0,4.1,https://www.amazon.in/HP-Snapdragon-Processor-Micro-Edge-fb0001QU/dp/B0FRM3G9JF/ref=sr_1_14?crid=3NW6BLF8383HH&dib=eyJ2IjoiMSJ9.LvRYcMXe0gyflLpcoiYNjDQGiwtKVW-phB8l2zfUs6F2K8IB0k81FtY8l46ljuBNJJBQaPO6y6rlhRWd_3V_lCEgKf5RQeuOq-UVQsRKiVXAANlMHe5aNFzSLe0ovkdCHiLPBcp5CEOO4wajlYzJ4KAqCQDLgxRcAi9T5UdBiErRkIMipXQ6wsaFhEoB6CsvD5SO2L4TJM5otxdR0SGTVLyePvIPOfn0f6I6Lw62NK8.kNwI6P5Tp7sCQBWVFET_3jVqbz2ZWu9JfEeAIKMwKlg&dib_tag=se&keywords=laptop&qid=1770919668&sprefix=lapt%2Caps%2C463&sr=8-14&xpid=vjzpPUSu4zLUM
100,"HP 15, 13th Gen Intel Core i3-1315U (12GB DDR4, 512GB SSD) FHD, Anti-Glare, Micro-Edge, 15.6''/39.6cm, Win11, M365 Basic(1yr)* Office24, Silver, 1.59kg, fd0573TU, FHD Camera w/Shutter Laptop",41990.0,52721.0,4.1,https://www.amazon.in/HP-i3-1315U-Anti-Glare-Micro-Edge-fd0573TU/dp/B0F4R3GFMQ/ref=sr_1_15?crid=3NW6BLF8383HH&dib=eyJ2IjoiMSJ9.LvRYcMXe0gyflLpcoiYNjDQGiwtKVW-phB8l2zfUs6F2K8IB0k81FtY8l46ljuBNJJBQaPO6y6rlhRWd_3V_lCEgKf5RQeuOq-UVQsRKiVXAANlMHe5aNFzSLe0ovkdCHiLPBcp5CEOO4wajlYzJ4KAqCQDLgxRcAi9T5UdBiErRkIMipXQ6wsaFhEoB6CsvD5SO2L4TJM5otxdR0SGTVLyePvIPOfn0f6I6Lw62NK8.kNwI6P5Tp7sCQBWVFET_3jVqbz2ZWu9JfEeAIKMwKlg&dib_tag=se&keywords=laptop&qid=1770919668&sprefix=lapt%2Caps%2C463&sr=8-15&xpid=vjzpPUSu4zLUM
101,"acer Aspire 3, Intel Core Celeron N4500, 12GB LPDDR4X RAM, 512GB SSD, HD, 15.6""/39.62cm, Windows 11 Home, Pure Silver, 1.5KG, A325-45, Thin and Light Laptop",31999.0,35999.0,3.4,https://www.amazon.in/Celeron-LPDDR4X-39-62cm-Windows-A325-45/dp/B0FF4QBNWM/ref=sr_1_16?crid=3NW6BLF8383HH&dib=eyJ2IjoiMSJ9.LvRYcMXe0gyflLpcoiYNjDQGiwtKVW-phB8l2zfUs6F2K8IB0k81FtY8l46ljuBNJJBQaPO6y6rlhRWd_3V_lCEgKf5RQeuOq-UVQsRKiVXAANlMHe5aNFzSLe0ovkdCHiLPBcp5CEOO4wajlYzJ4KAqCQDLgxRcAi9T5UdBiErRkIMipXQ6wsaFhEoB6CsvD5SO2L4TJM5otxdR0SGTVLyePvIPOfn0f6I6Lw62NK8.kNwI6P5Tp7sCQBWVFET_3jVqbz2ZWu9JfEeAIKMwKlg&dib_tag=se&keywords=laptop&qid=1770919668&sprefix=lapt%2Caps%2C463&sr=8-16&xpid=vjzpPUSu4zLUM
102,Thomson NEO 14.1 Inch IN-P14C Intel Celeron Dual Core N4020 Processor & Window 11 Notebook (8 GB RAM DDR4/ 256 GB SSD/Numeric Touch Pad/1MP Webcam/Silver),14990.0,27990.0,3.0,https://www.amazon.in/Thomson-Window-Notebook-Numeric-Webcam/dp/B0DYVR777M/ref=sr_1_17?crid=3NW6BLF8383HH&dib=eyJ2IjoiMSJ9.LvRYcMXe0gyflLpcoiYNjDQGiwtKVW-phB8l2zfUs6F2K8IB0k81FtY8l46ljuBNJJBQaPO6y6rlhRWd_3V_lCEgKf5RQeuOq-UVQsRKiVXAANlMHe5aNFzSLe0ovkdCHiLPBcp5CEOO4wajlYzJ4KAqCQDLgxRcAi9T5UdBiErRkIMipXQ6wsaFhEoB6CsvD5SO2L4TJM5otxdR0SGTVLyePvIPOfn0f6I6Lw62NK8.kNwI6P5Tp7sCQBWVFET_3jVqbz2ZWu9JfEeAIKMwKlg&dib_tag=se&keywords=laptop&qid=1770919668&sprefix=lapt%2Caps%2C463&sr=8-17&xpid=vjzpPUSu4zLUM
103,"ASUS TUF A15 (2025), AMD Ryzen 7 7445HS, Gaming Laptop(RTX 3050,75W TGP,16GB DDR5(Upgradeable Upto 64GB )512GB SSD,FHD,15.6"",144Hz,RGB Keyboard,48Whrs,Windows 11,Graphite Black,2.3 Kg) FA506NCG-HN199W",70990.0,83990.0,4.2,https://www.amazon.in/ASUS-Upgradeable-Keyboard-Graphite-FA506NCG-HN199W/dp/B0FM3C4L2F/ref=sr_1_18?crid=3NW6BLF8383HH&dib=eyJ2IjoiMSJ9.LvRYcMXe0gyflLpcoiYNjDQGiwtKVW-phB8l2zfUs6F2K8IB0k81FtY8l46ljuBNJJBQaPO6y6rlhRWd_3V_lCEgKf5RQeuOq-UVQsRKiVXAANlMHe5aNFzSLe0ovkdCHiLPBcp5CEOO4wajlYzJ4KAqCQDLgxRcAi9T5UdBiErRkIMipXQ6wsaFhEoB6CsvD5SO2L4TJM5otxdR0SGTVLyePvIPOfn0f6I6Lw62NK8.kNwI6P5Tp7sCQBWVFET_3jVqbz2ZWu9JfEeAIKMwKlg&dib_tag=se&keywords=laptop&qid=1770919668&sprefix=lapt%2Caps%2C463&sr=8-18&xpid=vjzpPUSu4zLUM
104,"HP 14s Intel Celeron Dual Core N4500 Laptop (8GB/512GB SSD/Win 11) 14.0"" HD Display, MSO 24, Black, 1.46kg, DQ3149TU Thin and Light Business Laptop",28690.0,30299.0,3.4,https://www.amazon.in/HP-Celeron-Display-DQ3149TU-Business/dp/B0FYYBXPPD/ref=sr_1_19?crid=3NW6BLF8383HH&dib=eyJ2IjoiMSJ9.LvRYcMXe0gyflLpcoiYNjDQGiwtKVW-phB8l2zfUs6F2K8IB0k81FtY8l46ljuBNJJBQaPO6y6rlhRWd_3V_lCEgKf5RQeuOq-UVQsRKiVXAANlMHe5aNFzSLe0ovkdCHiLPBcp5CEOO4wajlYzJ4KAqCQDLgxRcAi9T5UdBiErRkIMipXQ6wsaFhEoB6CsvD5SO2L4TJM5otxdR0SGTVLyePvIPOfn0f6I6Lw62NK8.kNwI6P5Tp7sCQBWVFET_3jVqbz2ZWu9JfEeAIKMwKlg&dib_tag=se&keywords=laptop&qid=1770919668&sprefix=lapt%2Caps%2C463&sr=8-19&xpid=vjzpPUSu4zLUM
105,"HP 15, 13th Gen Intel Core i5-1334U, (16GB DDR4,512GB SSD) Anti-Glare, Micro-Edge, FHD, 15.6''/39.6cm, Win11, M365 Basic(1yr)* Office24, Silver, 1.59kg, fd0577TU, Iris Xe, FHD Camera w/Shutter Laptop",54990.0,70841.0,3.9,https://www.amazon.in/HP-i5-1334U-Anti-Glare-Micro-Edge-fd0577TU/dp/B0F4R6H3NB/ref=sr_1_20?crid=3NW6BLF8383HH&dib=eyJ2IjoiMSJ9.LvRYcMXe0gyflLpcoiYNjDQGiwtKVW-phB8l2zfUs6F2K8IB0k81FtY8l46ljuBNJJBQaPO6y6rlhRWd_3V_lCEgKf5RQeuOq-UVQsRKiVXAANlMHe5aNFzSLe0ovkdCHiLPBcp5CEOO4wajlYzJ4KAqCQDLgxRcAi9T5UdBiErRkIMipXQ6wsaFhEoB6CsvD5SO2L4TJM5otxdR0SGTVLyePvIPOfn0f6I6Lw62NK8.kNwI6P5Tp7sCQBWVFET_3jVqbz2ZWu9JfEeAIKMwKlg&dib_tag=se&keywords=laptop&qid=1770919668&sprefix=lapt%2Caps%2C463&sr=8-20&xpid=vjzpPUSu4zLUM
106,"Dell_Model 5320 | i7 | 11th Generation Processor | 16GB RAM | 512GB SSD | 13.3"" FHD Display | Win 10 Pro | A+ Condition Laptop (Refab & Tested)",,,,https://www.amazon.in/Dell_Model-5320-Generation-Processor-Condition/dp/B0GLZ1FDRX/ref=sr_1_3?crid=3NW6BLF8383HH&dib=eyJ2IjoiMSJ9.LvRYcMXe0gyflLpcoiYNjDQGiwtKVW-phB8l2zfUs6F2K8IB0k81FtY8l46ljuBNJJBQaPO6y6rlhRWd_3V_lCEgKf5RQeuOq-UVQsRKiVXAANlMHe5aNFzSLe0ovkdCHiLPBcp5CEOO4wajlYzJ4KAqCQDLgxRcAi9T5UdBiErRkIMipXQ6wsaFhEoB6CsvD5SO2L4TJM5otxdR0SGTVLyePvIPOfn0f6I6Lw62NK8.94DqLFnKWwbGbWgCrQRJLtk_1_M3eEgPXS_eFR4ddUU&dib_tag=se&keywords=laptop&qid=1770919668&sprefix=lapt%2Caps%2C463&sr=8-3&xpid=vjzpPUSu4zLUM
107,"EBook 11.6"" HD Laptop | Best Student & Office Work Laptop | Celeron N4020 | 4GB DDR4 | 128GB eMMC + M.2 SSD Expandable Slot | Win 11 Home |31Wh Battery | UHD Graphics 600 | Black",10990.0,25000.0,5.0,https://www.amazon.in/Neopticon-Student-Celeron-Expandable-Graphics/dp/B0G2MT8YVV/ref=sr_1_4?crid=3NW6BLF8383HH&dib=eyJ2IjoiMSJ9.LvRYcMXe0gyflLpcoiYNjDQGiwtKVW-phB8l2zfUs6F2K8IB0k81FtY8l46ljuBNJJBQaPO6y6rlhRWd_3V_lCEgKf5RQeuOq-UVQsRKiVXAANlMHe5aNFzSLe0ovkdCHiLPBcp5CEOO4wajlYzJ4KAqCQDLgxRcAi9T5UdBiErRkIMipXQ6wsaFhEoB6CsvD5SO2L4TJM5otxdR0SGTVLyePvIPOfn0f6I6Lw62NK8.94DqLFnKWwbGbWgCrQRJLtk_1_M3eEgPXS_eFR4ddUU&dib_tag=se&keywords=laptop&qid=1770919668&sprefix=lapt%2Caps%2C463&sr=8-4&xpid=vjzpPUSu4zLUM
108,"HP 15, AMD Ryzen 3 7320U (8GB DDR4, 512GB SSD) FHD, Anti-Glare, Micro-Edge, 15.6''/39.6cm, Win11, M365 Basic(1yr)* Office24, Silver, 1.59kg, fc0500AU, FHD Camera w/Privacy Shutter Laptop",36990.0,44783.0,4.0,https://www.amazon.in/HP-Anti-Glare-Micro-Edge-Office24-fc0500AU/dp/B0FJYJ8LVY/ref=sr_1_5?crid=3NW6BLF8383HH&dib=eyJ2IjoiMSJ9.LvRYcMXe0gyflLpcoiYNjDQGiwtKVW-phB8l2zfUs6F2K8IB0k81FtY8l46ljuBNJJBQaPO6y6rlhRWd_3V_lCEgKf5RQeuOq-UVQsRKiVXAANlMHe5aNFzSLe0ovkdCHiLPBcp5CEOO4wajlYzJ4KAqCQDLgxRcAi9T5UdBiErRkIMipXQ6wsaFhEoB6CsvD5SO2L4TJM5otxdR0SGTVLyePvIPOfn0f6I6Lw62NK8.94DqLFnKWwbGbWgCrQRJLtk_1_M3eEgPXS_eFR4ddUU&dib_tag=se&keywords=laptop&qid=1770919668&sprefix=lapt%2Caps%2C463&sr=8-5&xpid=vjzpPUSu4zLUM
109,"BrowseBook 14.1"" FHD IPS Laptop | Best Student & Office Work Laptop | Celeron N4020 | 4GB RAM | 128GB SSD | Windows 11 | 38Wh | 1.3kg | Grey",12990.0,30000.0,3.0,https://www.amazon.in/Neopticon-BrowseBook-Student-Celeron-Windows/dp/B0FC64RYH1/ref=sr_1_6?crid=3NW6BLF8383HH&dib=eyJ2IjoiMSJ9.LvRYcMXe0gyflLpcoiYNjDQGiwtKVW-phB8l2zfUs6F2K8IB0k81FtY8l46ljuBNJJBQaPO6y6rlhRWd_3V_lCEgKf5RQeuOq-UVQsRKiVXAANlMHe5aNFzSLe0ovkdCHiLPBcp5CEOO4wajlYzJ4KAqCQDLgxRcAi9T5UdBiErRkIMipXQ6wsaFhEoB6CsvD5SO2L4TJM5otxdR0SGTVLyePvIPOfn0f6I6Lw62NK8.94DqLFnKWwbGbWgCrQRJLtk_1_M3eEgPXS_eFR4ddUU&dib_tag=se&keywords=laptop&qid=1770919668&sprefix=lapt%2Caps%2C463&sr=8-6&xpid=vjzpPUSu4zLUM
110,Thomson NEO 14.1 Inch IN-P14C Intel Celeron Dual Core N4020 Processor & Window 11 Home Notebook (4 GB RAM DDR4/ 128 GB SSD/Numeric Touch Pad/Thin & Light Weight/Silver),12990.0,24990.0,,https://www.amazon.in/Thomson-Processor-Window-Notebook-Numeric/dp/B0DYVQYGP9/ref=sr_1_7?crid=3NW6BLF8383HH&dib=eyJ2IjoiMSJ9.LvRYcMXe0gyflLpcoiYNjDQGiwtKVW-phB8l2zfUs6F2K8IB0k81FtY8l46ljuBNJJBQaPO6y6rlhRWd_3V_lCEgKf5RQeuOq-UVQsRKiVXAANlMHe5aNFzSLe0ovkdCHiLPBcp5CEOO4wajlYzJ4KAqCQDLgxRcAi9T5UdBiErRkIMipXQ6wsaFhEoB6CsvD5SO2L4TJM5otxdR0SGTVLyePvIPOfn0f6I6Lw62NK8.94DqLFnKWwbGbWgCrQRJLtk_1_M3eEgPXS_eFR4ddUU&dib_tag=se&keywords=laptop&qid=1770919668&sprefix=lapt%2Caps%2C463&sr=8-7&xpid=vjzpPUSu4zLUM
111,"JioBook 11 with Lifetime Office | Android 4G Laptop Mediatek 8788 (JioOS) | Octa-core | 4GB RAM | 64 eMMC Storage | Thin and Light Laptop (11.6 inch, 990 Grams) | Dual Band WiFi + SIM | Blue",10990.0,25000.0,2.9,https://www.amazon.in/JioBook-Octa-Core-LPDDR4-JioOS-Expandable/dp/B0CKX9PY1H/ref=sr_1_8?crid=3NW6BLF8383HH&dib=eyJ2IjoiMSJ9.LvRYcMXe0gyflLpcoiYNjDQGiwtKVW-phB8l2zfUs6F2K8IB0k81FtY8l46ljuBNJJBQaPO6y6rlhRWd_3V_lCEgKf5RQeuOq-UVQsRKiVXAANlMHe5aNFzSLe0ovkdCHiLPBcp5CEOO4wajlYzJ4KAqCQDLgxRcAi9T5UdBiErRkIMipXQ6wsaFhEoB6CsvD5SO2L4TJM5otxdR0SGTVLyePvIPOfn0f6I6Lw62NK8.94DqLFnKWwbGbWgCrQRJLtk_1_M3eEgPXS_eFR4ddUU&dib_tag=se&keywords=laptop&qid=1770919668&sprefix=lapt%2Caps%2C463&sr=8-8&xpid=vjzpPUSu4zLUM
112,"Lenovo {SmartChoice)Chromebook Intel Celeron N4500 (4GB RAM/64GB eMMC 5.1/11.6 Inch (29.46cm)/HD Display/2Wx2 Stereo Speakers/HD Camera/Chrome OS/Blue/1.21Kg), 82UY0014HA",15990.0,36502.0,3.8,https://www.amazon.in/Lenovo-SmartChoice-Chromebook-Speakers-82UY0014HA/dp/B0F2TMZJ24/ref=sr_1_9?crid=3NW6BLF8383HH&dib=eyJ2IjoiMSJ9.LvRYcMXe0gyflLpcoiYNjDQGiwtKVW-phB8l2zfUs6F2K8IB0k81FtY8l46ljuBNJJBQaPO6y6rlhRWd_3V_lCEgKf5RQeuOq-UVQsRKiVXAANlMHe5aNFzSLe0ovkdCHiLPBcp5CEOO4wajlYzJ4KAqCQDLgxRcAi9T5UdBiErRkIMipXQ6wsaFhEoB6CsvD5SO2L4TJM5otxdR0SGTVLyePvIPOfn0f6I6Lw62NK8.94DqLFnKWwbGbWgCrQRJLtk_1_M3eEgPXS_eFR4ddUU&dib_tag=se&keywords=laptop&qid=1770919668&sprefix=lapt%2Caps%2C463&sr=8-9&xpid=vjzpPUSu4zLUM
113,"HP 15 Consumer Series Laptop, Intel Core i3-1315U (13th Gen) 12GB DDR4 RAM,512GB NVMe SSD/ 15.6'' FHD Anti-Glare, Micro-Edge, Win11, M365 Basic(1yr)* Office24, Silver,1.59kg, FHD Camera with Shutter",40654.0,53933.0,4.1,https://www.amazon.in/HP-Consumer-i3-1315U-Anti-Glare-Micro-Edge/dp/B0FMYH3W73/ref=sr_1_10?crid=3NW6BLF8383HH&dib=eyJ2IjoiMSJ9.LvRYcMXe0gyflLpcoiYNjDQGiwtKVW-phB8l2zfUs6F2K8IB0k81FtY8l46ljuBNJJBQaPO6y6rlhRWd_3V_lCEgKf5RQeuOq-UVQsRKiVXAANlMHe5aNFzSLe0ovkdCHiLPBcp5CEOO4wajlYzJ4KAqCQDLgxRcAi9T5UdBiErRkIMipXQ6wsaFhEoB6CsvD5SO2L4TJM5otxdR0SGTVLyePvIPOfn0f6I6Lw62NK8.94DqLFnKWwbGbWgCrQRJLtk_1_M3eEgPXS_eFR4ddUU&dib_tag=se&keywords=laptop&qid=1770919668&sprefix=lapt%2Caps%2C463&sr=8-10&xpid=vjzpPUSu4zLUM
114,"ASUS Vivobook Go 14, AMD Ryzen 3 7320U, 8GB RAM, 512GB SSD, FHD 14"", Windows 11, Office Home 2024, Mixed Black, 1.38 kg, E1404FA-NK3325WS, AMD Radeon iGPU, M365 Basic (1Year)*, Thin & Light Laptop",34990.0,43990.0,4.1,https://www.amazon.in/ASUS-Vivobook-Radeon-Windows-E1404FA-NK3325WS/dp/B0DTYNRVRX/ref=sr_1_13?crid=3NW6BLF8383HH&dib=eyJ2IjoiMSJ9.LvRYcMXe0gyflLpcoiYNjDQGiwtKVW-phB8l2zfUs6F2K8IB0k81FtY8l46ljuBNJJBQaPO6y6rlhRWd_3V_lCEgKf5RQeuOq-UVQsRKiVXAANlMHe5aNFzSLe0ovkdCHiLPBcp5CEOO4wajlYzJ4KAqCQDLgxRcAi9T5UdBiErRkIMipXQ6wsaFhEoB6CsvD5SO2L4TJM5otxdR0SGTVLyePvIPOfn0f6I6Lw62NK8.94DqLFnKWwbGbWgCrQRJLtk_1_M3eEgPXS_eFR4ddUU&dib_tag=se&keywords=laptop&qid=1770919668&sprefix=lapt%2Caps%2C463&sr=8-13&xpid=vjzpPUSu4zLUM
115,"HP Omnibook 5 OLED, Snapdragon X Processor (16GB LPDDR5x,1TB SSD) 2K OLED, Micro-Edge, 16''/40.6cm, Win11, M365*Office24, Glacier Silver, 1.59kg, fb0001QU, FHD Camera, Backlit, Next-Gen AI Laptop",71340.0,85965.0,4.1,https://www.amazon.in/HP-Snapdragon-Processor-Micro-Edge-fb0001QU/dp/B0FRM3G9JF/ref=sr_1_14?crid=3NW6BLF8383HH&dib=eyJ2IjoiMSJ9.LvRYcMXe0gyflLpcoiYNjDQGiwtKVW-phB8l2zfUs6F2K8IB0k81FtY8l46ljuBNJJBQaPO6y6rlhRWd_3V_lCEgKf5RQeuOq-UVQsRKiVXAANlMHe5aNFzSLe0ovkdCHiLPBcp5CEOO4wajlYzJ4KAqCQDLgxRcAi9T5UdBiErRkIMipXQ6wsaFhEoB6CsvD5SO2L4TJM5otxdR0SGTVLyePvIPOfn0f6I6Lw62NK8.94DqLFnKWwbGbWgCrQRJLtk_1_M3eEgPXS_eFR4ddUU&dib_tag=se&keywords=laptop&qid=1770919668&sprefix=lapt%2Caps%2C463&sr=8-14&xpid=vjzpPUSu4zLUM
116,"HP 15, 13th Gen Intel Core i3-1315U (12GB DDR4, 512GB SSD) FHD, Anti-Glare, Micro-Edge, 15.6''/39.6cm, Win11, M365 Basic(1yr)* Office24, Silver, 1.59kg, fd0573TU, FHD Camera w/Shutter Laptop",41990.0,52721.0,4.1,https://www.amazon.in/HP-i3-1315U-Anti-Glare-Micro-Edge-fd0573TU/dp/B0F4R3GFMQ/ref=sr_1_15?crid=3NW6BLF8383HH&dib=eyJ2IjoiMSJ9.LvRYcMXe0gyflLpcoiYNjDQGiwtKVW-phB8l2zfUs6F2K8IB0k81FtY8l46ljuBNJJBQaPO6y6rlhRWd_3V_lCEgKf5RQeuOq-UVQsRKiVXAANlMHe5aNFzSLe0ovkdCHiLPBcp5CEOO4wajlYzJ4KAqCQDLgxRcAi9T5UdBiErRkIMipXQ6wsaFhEoB6CsvD5SO2L4TJM5otxdR0SGTVLyePvIPOfn0f6I6Lw62NK8.94DqLFnKWwbGbWgCrQRJLtk_1_M3eEgPXS_eFR4ddUU&dib_tag=se&keywords=laptop&qid=1770919668&sprefix=lapt%2Caps%2C463&sr=8-15&xpid=vjzpPUSu4zLUM
117,"acer Aspire 3, Intel Core Celeron N4500, 12GB LPDDR4X RAM, 512GB SSD, HD, 15.6""/39.62cm, Windows 11 Home, Pure Silver, 1.5KG, A325-45, Thin and Light Laptop",31999.0,35999.0,3.4,https://www.amazon.in/Celeron-LPDDR4X-39-62cm-Windows-A325-45/dp/B0FF4QBNWM/ref=sr_1_16?crid=3NW6BLF8383HH&dib=eyJ2IjoiMSJ9.LvRYcMXe0gyflLpcoiYNjDQGiwtKVW-phB8l2zfUs6F2K8IB0k81FtY8l46ljuBNJJBQaPO6y6rlhRWd_3V_lCEgKf5RQeuOq-UVQsRKiVXAANlMHe5aNFzSLe0ovkdCHiLPBcp5CEOO4wajlYzJ4KAqCQDLgxRcAi9T5UdBiErRkIMipXQ6wsaFhEoB6CsvD5SO2L4TJM5otxdR0SGTVLyePvIPOfn0f6I6Lw62NK8.94DqLFnKWwbGbWgCrQRJLtk_1_M3eEgPXS_eFR4ddUU&dib_tag=se&keywords=laptop&qid=1770919668&sprefix=lapt%2Caps%2C463&sr=8-16&xpid=vjzpPUSu4zLUM
118,Thomson NEO 14.1 Inch IN-P14C Intel Celeron Dual Core N4020 Processor & Window 11 Notebook (8 GB RAM DDR4/ 256 GB SSD/Numeric Touch Pad/1MP Webcam/Silver),14990.0,27990.0,3.0,https://www.amazon.in/Thomson-Window-Notebook-Numeric-Webcam/dp/B0DYVR777M/ref=sr_1_17?crid=3NW6BLF8383HH&dib=eyJ2IjoiMSJ9.LvRYcMXe0gyflLpcoiYNjDQGiwtKVW-phB8l2zfUs6F2K8IB0k81FtY8l46ljuBNJJBQaPO6y6rlhRWd_3V_lCEgKf5RQeuOq-UVQsRKiVXAANlMHe5aNFzSLe0ovkdCHiLPBcp5CEOO4wajlYzJ4KAqCQDLgxRcAi9T5UdBiErRkIMipXQ6wsaFhEoB6CsvD5SO2L4TJM5otxdR0SGTVLyePvIPOfn0f6I6Lw62NK8.94DqLFnKWwbGbWgCrQRJLtk_1_M3eEgPXS_eFR4ddUU&dib_tag=se&keywords=laptop&qid=1770919668&sprefix=lapt%2Caps%2C463&sr=8-17&xpid=vjzpPUSu4zLUM
119,"ASUS TUF A15 (2025), AMD Ryzen 7 7445HS, Gaming Laptop(RTX 3050,75W TGP,16GB DDR5(Upgradeable Upto 64GB )512GB SSD,FHD,15.6"",144Hz,RGB Keyboard,48Whrs,Windows 11,Graphite Black,2.3 Kg) FA506NCG-HN199W",70990.0,83990.0,4.2,https://www.amazon.in/ASUS-Upgradeable-Keyboard-Graphite-FA506NCG-HN199W/dp/B0FM3C4L2F/ref=sr_1_18?crid=3NW6BLF8383HH&dib=eyJ2IjoiMSJ9.LvRYcMXe0gyflLpcoiYNjDQGiwtKVW-phB8l2zfUs6F2K8IB0k81FtY8l46ljuBNJJBQaPO6y6rlhRWd_3V_lCEgKf5RQeuOq-UVQsRKiVXAANlMHe5aNFzSLe0ovkdCHiLPBcp5CEOO4wajlYzJ4KAqCQDLgxRcAi9T5UdBiErRkIMipXQ6wsaFhEoB6CsvD5SO2L4TJM5otxdR0SGTVLyePvIPOfn0f6I6Lw62NK8.94DqLFnKWwbGbWgCrQRJLtk_1_M3eEgPXS_eFR4ddUU&dib_tag=se&keywords=laptop&qid=1770919668&sprefix=lapt%2Caps%2C463&sr=8-18&xpid=vjzpPUSu4zLUM
120,"HP 14s Intel Celeron Dual Core N4500 Laptop (8GB/512GB SSD/Win 11) 14.0"" HD Display, MSO 24, Black, 1.46kg, DQ3149TU Thin and Light Business Laptop",28690.0,30299.0,3.4,https://www.amazon.in/HP-Celeron-Display-DQ3149TU-Business/dp/B0FYYBXPPD/ref=sr_1_19?crid=3NW6BLF8383HH&dib=eyJ2IjoiMSJ9.LvRYcMXe0gyflLpcoiYNjDQGiwtKVW-phB8l2zfUs6F2K8IB0k81FtY8l46ljuBNJJBQaPO6y6rlhRWd_3V_lCEgKf5RQeuOq-UVQsRKiVXAANlMHe5aNFzSLe0ovkdCHiLPBcp5CEOO4wajlYzJ4KAqCQDLgxRcAi9T5UdBiErRkIMipXQ6wsaFhEoB6CsvD5SO2L4TJM5otxdR0SGTVLyePvIPOfn0f6I6Lw62NK8.94DqLFnKWwbGbWgCrQRJLtk_1_M3eEgPXS_eFR4ddUU&dib_tag=se&keywords=laptop&qid=1770919668&sprefix=lapt%2Caps%2C463&sr=8-19&xpid=vjzpPUSu4zLUM
121,"HP 15, 13th Gen Intel Core i5-1334U, (16GB DDR4,512GB SSD) Anti-Glare, Micro-Edge, FHD, 15.6''/39.6cm, Win11, M365 Basic(1yr)* Office24, Silver, 1.59kg, fd0577TU, Iris Xe, FHD Camera w/Shutter Laptop",54990.0,70841.0,3.9,https://www.amazon.in/HP-i5-1334U-Anti-Glare-Micro-Edge-fd0577TU/dp/B0F4R6H3NB/ref=sr_1_20?crid=3NW6BLF8383HH&dib=eyJ2IjoiMSJ9.LvRYcMXe0gyflLpcoiYNjDQGiwtKVW-phB8l2zfUs6F2K8IB0k81FtY8l46ljuBNJJBQaPO6y6rlhRWd_3V_lCEgKf5RQeuOq-UVQsRKiVXAANlMHe5aNFzSLe0ovkdCHiLPBcp5CEOO4wajlYzJ4KAqCQDLgxRcAi9T5UdBiErRkIMipXQ6wsaFhEoB6CsvD5SO2L4TJM5otxdR0SGTVLyePvIPOfn0f6I6Lw62NK8.94DqLFnKWwbGbWgCrQRJLtk_1_M3eEgPXS_eFR4ddUU&dib_tag=se&keywords=laptop&qid=1770919668&sprefix=lapt%2Caps%2C463&sr=8-20&xpid=vjzpPUSu4zLUM
122,"Dell_Model 5320 | i7 | 11th Generation Processor | 16GB RAM | 512GB SSD | 13.3"" FHD Display | Win 10 Pro | A+ Condition Laptop (Refab & Tested)",,,,https://www.amazon.in/Dell_Model-5320-Generation-Processor-Condition/dp/B0GLZ1FDRX/ref=sr_1_3?crid=3NW6BLF8383HH&dib=eyJ2IjoiMSJ9.LvRYcMXe0gyflLpcoiYNjDQGiwtKVW-phB8l2zfUs6F2K8IB0k81FtY8l46ljuBNJJBQaPO6y6rlhRWd_3V_lCEgKf5RQeuOq-UVQsRKiVXAANlMHe5aNFzSLe0ovkdCHiLPBcp5CEOO4wajlYzJ4KAqCQDLgxRcAi9T5UdBiErRkIMipXQ6wsaFhEoB6CsvD5SO2L4TJM5otxdR0SGTVLyePvIPOfn0f6I6Lw62NK8.sqHAtQadogqksm40zWF73_JiJUKZF6Pm3NqVmQgTtnA&dib_tag=se&keywords=laptop&qid=1770919668&sprefix=lapt%2Caps%2C463&sr=8-3&xpid=vjzpPUSu4zLUM
123,"EBook 11.6"" HD Laptop | Best Student & Office Work Laptop | Celeron N4020 | 4GB DDR4 | 128GB eMMC + M.2 SSD Expandable Slot | Win 11 Home |31Wh Battery | UHD Graphics 600 | Black",10990.0,25000.0,5.0,https://www.amazon.in/Neopticon-Student-Celeron-Expandable-Graphics/dp/B0G2MT8YVV/ref=sr_1_4?crid=3NW6BLF8383HH&dib=eyJ2IjoiMSJ9.LvRYcMXe0gyflLpcoiYNjDQGiwtKVW-phB8l2zfUs6F2K8IB0k81FtY8l46ljuBNJJBQaPO6y6rlhRWd_3V_lCEgKf5RQeuOq-UVQsRKiVXAANlMHe5aNFzSLe0ovkdCHiLPBcp5CEOO4wajlYzJ4KAqCQDLgxRcAi9T5UdBiErRkIMipXQ6wsaFhEoB6CsvD5SO2L4TJM5otxdR0SGTVLyePvIPOfn0f6I6Lw62NK8.sqHAtQadogqksm40zWF73_JiJUKZF6Pm3NqVmQgTtnA&dib_tag=se&keywords=laptop&qid=1770919668&sprefix=lapt%2Caps%2C463&sr=8-4&xpid=vjzpPUSu4zLUM
124,"HP 15, AMD Ryzen 3 7320U (8GB DDR4, 512GB SSD) FHD, Anti-Glare, Micro-Edge, 15.6''/39.6cm, Win11, M365 Basic(1yr)* Office24, Silver, 1.59kg, fc0500AU, FHD Camera w/Privacy Shutter Laptop",36990.0,44783.0,4.0,https://www.amazon.in/HP-Anti-Glare-Micro-Edge-Office24-fc0500AU/dp/B0FJYJ8LVY/ref=sr_1_5?crid=3NW6BLF8383HH&dib=eyJ2IjoiMSJ9.LvRYcMXe0gyflLpcoiYNjDQGiwtKVW-phB8l2zfUs6F2K8IB0k81FtY8l46ljuBNJJBQaPO6y6rlhRWd_3V_lCEgKf5RQeuOq-UVQsRKiVXAANlMHe5aNFzSLe0ovkdCHiLPBcp5CEOO4wajlYzJ4KAqCQDLgxRcAi9T5UdBiErRkIMipXQ6wsaFhEoB6CsvD5SO2L4TJM5otxdR0SGTVLyePvIPOfn0f6I6Lw62NK8.sqHAtQadogqksm40zWF73_JiJUKZF6Pm3NqVmQgTtnA&dib_tag=se&keywords=laptop&qid=1770919668&sprefix=lapt%2Caps%2C463&sr=8-5&xpid=vjzpPUSu4zLUM
125,"Primebook 2 Max 2025 (New Launch) | 8GB RAM, 256GB UFS Storage | 15.6-Inch Full HD IPS Display | 12hrs Battery | MediaTek Helio G99 | Android 15 (PrimeOS 3.0) | Backlit Keyboard | in-Built AI (Gray)",22990.0,34990.0,4.3,https://www.amazon.in/sspa/click?ie=UTF8&spc=MTo0MzcyODM1MjEzNTM5NTk4OjE3NzA5MTk2Njg6c3Bfc2VhcmNoX3RoZW1hdGljOjMwMDcwNjM5MjAxMDAzMjo6MDo6&url=%2FPrimebook-Storage-15-6-Inch-MediaTek-Keyboard%2Fdp%2FB0FFMQB3KL%2Fref%3Dsxin_14_pa_sp_search_thematic_sspa%3Fcontent-id%3Damzn1.sym.7e2c8ac4-9f12-4bcd-9497-a8ae54bc8764%253Aamzn1.sym.7e2c8ac4-9f12-4bcd-9497-a8ae54bc8764%26crid%3D3NW6BLF8383HH%26cv_ct_cx%3Dlaptop%26keywords%3Dlaptop%26pd_rd_i%3DB0FFMQB3KL%26pd_rd_r%3D0de089a3-ff70-4c32-8580-a0f5095c0cd5%26pd_rd_w%3DLyZXk%26pd_rd_wg%3DBKNZ1%26pf_rd_p%3D7e2c8ac4-9f12-4bcd-9497-a8ae54bc8764%26pf_rd_r%3D17JEXX1WCVY5AWW0EE24%26qid%3D1770919668%26sbo%3DRZvfv%252F%252FHxDF%252BO5021pAnSA%253D%253D%26sprefix%3Dlapt%252Caps%252C463%26sr%3D1-1-66673dcf-083f-43ba-b782-d4a436cc5cfb-spons%26xpid%3DvjzpPUSu4zLUM%26aref%3DzUANlRM61Y%26sp_csd%3Dd2lkZ2V0TmFtZT1zcF9zZWFyY2hfdGhlbWF0aWM%26psc%3D1&aref=zUANlRM61Y&sp_cr=ZAZ
126,"HP OmniBook 5 OLED (Previously Pavilion), Snapdragon X Processor (16GB LPDDR5x, 512GB SSD) 2K, 14''/35.6cm, Win11, M365 Basic(1yr)* Office24, Silver, 1.35kg, he0014QU, Light-Weight, Next-Gen AI Laptop",66020.0,83704.0,4.1,https://www.amazon.in/sspa/click?ie=UTF8&spc=MTo0MzcyODM1MjEzNTM5NTk4OjE3NzA5MTk2Njg6c3Bfc2VhcmNoX3RoZW1hdGljOjMwMDkwMDY5NDE0ODUzMjo6MTo6&url=%2FHP-Previously-Snapdragon-Processor-Light-Weight%2Fdp%2FB0F8P4Y7VF%2Fref%3Dsxin_14_pa_sp_search_thematic_sspa%3Fcontent-id%3Damzn1.sym.7e2c8ac4-9f12-4bcd-9497-a8ae54bc8764%253Aamzn1.sym.7e2c8ac4-9f12-4bcd-9497-a8ae54bc8764%26crid%3D3NW6BLF8383HH%26cv_ct_cx%3Dlaptop%26keywords%3Dlaptop%26pd_rd_i%3DB0F8P4Y7VF%26pd_rd_r%3D0de089a3-ff70-4c32-8580-a0f5095c0cd5%26pd_rd_w%3DLyZXk%26pd_rd_wg%3DBKNZ1%26pf_rd_p%3D7e2c8ac4-9f12-4bcd-9497-a8ae54bc8764%26pf_rd_r%3D17JEXX1WCVY5AWW0EE24%26qid%3D1770919668%26sbo%3DRZvfv%252F%252FHxDF%252BO5021pAnSA%253D%253D%26sprefix%3Dlapt%252Caps%252C463%26sr%3D1-2-66673dcf-083f-43ba-b782-d4a436cc5cfb-spons%26xpid%3DvjzpPUSu4zLUM%26aref%3DZDXWmKYaWQ%26sp_csd%3Dd2lkZ2V0TmFtZT1zcF9zZWFyY2hfdGhlbWF0aWM%26psc%3D1&aref=ZDXWmKYaWQ&sp_cr=ZAZ
127,"Primebook 2 Neo 2025 (New Launch) | 6GB RAM, 128GB Storage (Upgradable Upto 512GB) | MediaTek Helio G99 | Android 15 (PrimeOS3.0) | in-Built AI | 11.6” Thin & Light Laptop | Type-C, USB, MicroSD Ports",15990.0,24990.0,4.4,https://www.amazon.in/sspa/click?ie=UTF8&spc=MTo0MzcyODM1MjEzNTM5NTk4OjE3NzA5MTk2Njg6c3Bfc2VhcmNoX3RoZW1hdGljOjMwMDYyMTQ2MTg5MTEzMjo6Mjo6&url=%2FPrimebook-Upgradable-MediaTek-G99-PrimeOS3-0%2Fdp%2FB0FDLB7BQZ%2Fref%3Dsxin_14_pa_sp_search_thematic_sspa%3Fcontent-id%3Damzn1.sym.7e2c8ac4-9f12-4bcd-9497-a8ae54bc8764%253Aamzn1.sym.7e2c8ac4-9f12-4bcd-9497-a8ae54bc8764%26crid%3D3NW6BLF8383HH%26cv_ct_cx%3Dlaptop%26keywords%3Dlaptop%26pd_rd_i%3DB0FDLB7BQZ%26pd_rd_r%3D0de089a3-ff70-4c32-8580-a0f5095c0cd5%26pd_rd_w%3DLyZXk%26pd_rd_wg%3DBKNZ1%26pf_rd_p%3D7e2c8ac4-9f12-4bcd-9497-a8ae54bc8764%26pf_rd_r%3D17JEXX1WCVY5AWW0EE24%26qid%3D1770919668%26sbo%3DRZvfv%252F%252FHxDF%252BO5021pAnSA%253D%253D%26sprefix%3Dlapt%252Caps%252C463%26sr%3D1-3-66673dcf-083f-43ba-b782-d4a436cc5cfb-spons%26xpid%3DvjzpPUSu4zLUM%26aref%3DE8O8DLTkwq%26sp_csd%3Dd2lkZ2V0TmFtZT1zcF9zZWFyY2hfdGhlbWF0aWM%26psc%3D1&aref=E8O8DLTkwq&sp_cr=ZAZ
128,"MSI Cyborg 15, Intel 12th Gen. i5-12450H, 40CM FHD 144Hz Gaming Laptop (16GB/512GB NVMe SSD/Windows 11 Home/MSO 2021/NVIDIA GeForce RTX 3050, GDDR6 6GB/Translucent Black/1.9Kg) A12UDX-1468IN",75990.0,97990.0,4.8,https://www.amazon.in/sspa/click?ie=UTF8&spc=MTo0MzcyODM1MjEzNTM5NTk4OjE3NzA5MTk2Njg6c3Bfc2VhcmNoX3RoZW1hdGljOjMwMDYxNTM5OTYwMzUzMjo6Mzo6&url=%2FMSI-i5-12450H-Windows-Translucent-A12UDX-1468IN%2Fdp%2FB0DJP6N8X5%2Fref%3Dsxin_14_pa_sp_search_thematic_sspa%3Fcontent-id%3Damzn1.sym.7e2c8ac4-9f12-4bcd-9497-a8ae54bc8764%253Aamzn1.sym.7e2c8ac4-9f12-4bcd-9497-a8ae54bc8764%26crid%3D3NW6BLF8383HH%26cv_ct_cx%3Dlaptop%26keywords%3Dlaptop%26pd_rd_i%3DB0DJP6N8X5%26pd_rd_r%3D0de089a3-ff70-4c32-8580-a0f5095c0cd5%26pd_rd_w%3DLyZXk%26pd_rd_wg%3DBKNZ1%26pf_rd_p%3D7e2c8ac4-9f12-4bcd-9497-a8ae54bc8764%26pf_rd_r%3D17JEXX1WCVY5AWW0EE24%26qid%3D1770919668%26sbo%3DRZvfv%252F%252FHxDF%252BO5021pAnSA%253D%253D%26sprefix%3Dlapt%252Caps%252C463%26sr%3D1-4-66673dcf-083f-43ba-b782-d4a436cc5cfb-spons%26xpid%3DvjzpPUSu4zLUM%26aref%3DbRai6LJPxe%26sp_csd%3Dd2lkZ2V0TmFtZT1zcF9zZWFyY2hfdGhlbWF0aWM%26psc%3D1&aref=bRai6LJPxe&sp_cr=ZAZ
129,"Primebook 2 Pro 2025 (New Launch) | 8GB RAM, 128GB UFS Storage | 14.1-Inch FHD IPS Display | 14 Hours Battery | MediaTek Helio G99 | Android 15 (PrimeOS 3.0) | Backlit Keyboard | in-Built AI (Aqua)",19990.0,29990.0,4.4,https://www.amazon.in/sspa/click?ie=UTF8&spc=MTo0MzcyODM1MjEzNTM5NTk4OjE3NzA5MTk2Njg6c3Bfc2VhcmNoX3RoZW1hdGljOjMwMDgyMzcxOTI4MTIzMjo6NDo6&url=%2FPrimebook-Storage-14-1-Inch-MediaTek-Keyboard%2Fdp%2FB0FZJNZS65%2Fref%3Dsxin_14_pa_sp_search_thematic_sspa%3Fcontent-id%3Damzn1.sym.7e2c8ac4-9f12-4bcd-9497-a8ae54bc8764%253Aamzn1.sym.7e2c8ac4-9f12-4bcd-9497-a8ae54bc8764%26crid%3D3NW6BLF8383HH%26cv_ct_cx%3Dlaptop%26keywords%3Dlaptop%26pd_rd_i%3DB0FZJNZS65%26pd_rd_r%3D0de089a3-ff70-4c32-8580-a0f5095c0cd5%26pd_rd_w%3DLyZXk%26pd_rd_wg%3DBKNZ1%26pf_rd_p%3D7e2c8ac4-9f12-4bcd-9497-a8ae54bc8764%26pf_rd_r%3D17JEXX1WCVY5AWW0EE24%26qid%3D1770919668%26sbo%3DRZvfv%252F%252FHxDF%252BO5021pAnSA%253D%253D%26sprefix%3Dlapt%252Caps%252C463%26sr%3D1-5-66673dcf-083f-43ba-b782-d4a436cc5cfb-spons%26xpid%3DvjzpPUSu4zLUM%26aref%3DtjigWtyJ9a%26sp_csd%3Dd2lkZ2V0TmFtZT1zcF9zZWFyY2hfdGhlbWF0aWM%26psc%3D1&aref=tjigWtyJ9a&sp_cr=ZAZ
130,"BrowseBook 14.1"" FHD IPS Laptop | Best Student & Office Work Laptop | Celeron N4020 | 4GB RAM | 128GB SSD | Windows 11 | 38Wh | 1.3kg | Grey",12990.0,30000.0,3.0,https://www.amazon.in/Neopticon-BrowseBook-Student-Celeron-Windows/dp/B0FC64RYH1/ref=sr_1_6?crid=3NW6BLF8383HH&dib=eyJ2IjoiMSJ9.LvRYcMXe0gyflLpcoiYNjDQGiwtKVW-phB8l2zfUs6F2K8IB0k81FtY8l46ljuBNJJBQaPO6y6rlhRWd_3V_lCEgKf5RQeuOq-UVQsRKiVXAANlMHe5aNFzSLe0ovkdCHiLPBcp5CEOO4wajlYzJ4KAqCQDLgxRcAi9T5UdBiErRkIMipXQ6wsaFhEoB6CsvD5SO2L4TJM5otxdR0SGTVLyePvIPOfn0f6I6Lw62NK8.sqHAtQadogqksm40zWF73_JiJUKZF6Pm3NqVmQgTtnA&dib_tag=se&keywords=laptop&qid=1770919668&sprefix=lapt%2Caps%2C463&sr=8-6&xpid=vjzpPUSu4zLUM
131,Thomson NEO 14.1 Inch IN-P14C Intel Celeron Dual Core N4020 Processor & Window 11 Home Notebook (4 GB RAM DDR4/ 128 GB SSD/Numeric Touch Pad/Thin & Light Weight/Silver),12990.0,24990.0,,https://www.amazon.in/Thomson-Processor-Window-Notebook-Numeric/dp/B0DYVQYGP9/ref=sr_1_7?crid=3NW6BLF8383HH&dib=eyJ2IjoiMSJ9.LvRYcMXe0gyflLpcoiYNjDQGiwtKVW-phB8l2zfUs6F2K8IB0k81FtY8l46ljuBNJJBQaPO6y6rlhRWd_3V_lCEgKf5RQeuOq-UVQsRKiVXAANlMHe5aNFzSLe0ovkdCHiLPBcp5CEOO4wajlYzJ4KAqCQDLgxRcAi9T5UdBiErRkIMipXQ6wsaFhEoB6CsvD5SO2L4TJM5otxdR0SGTVLyePvIPOfn0f6I6Lw62NK8.sqHAtQadogqksm40zWF73_JiJUKZF6Pm3NqVmQgTtnA&dib_tag=se&keywords=laptop&qid=1770919668&sprefix=lapt%2Caps%2C463&sr=8-7&xpid=vjzpPUSu4zLUM
132,"JioBook 11 with Lifetime Office | Android 4G Laptop Mediatek 8788 (JioOS) | Octa-core | 4GB RAM | 64 eMMC Storage | Thin and Light Laptop (11.6 inch, 990 Grams) | Dual Band WiFi + SIM | Blue",10990.0,25000.0,2.9,https://www.amazon.in/JioBook-Octa-Core-LPDDR4-JioOS-Expandable/dp/B0CKX9PY1H/ref=sr_1_8?crid=3NW6BLF8383HH&dib=eyJ2IjoiMSJ9.LvRYcMXe0gyflLpcoiYNjDQGiwtKVW-phB8l2zfUs6F2K8IB0k81FtY8l46ljuBNJJBQaPO6y6rlhRWd_3V_lCEgKf5RQeuOq-UVQsRKiVXAANlMHe5aNFzSLe0ovkdCHiLPBcp5CEOO4wajlYzJ4KAqCQDLgxRcAi9T5UdBiErRkIMipXQ6wsaFhEoB6CsvD5SO2L4TJM5otxdR0SGTVLyePvIPOfn0f6I6Lw62NK8.sqHAtQadogqksm40zWF73_JiJUKZF6Pm3NqVmQgTtnA&dib_tag=se&keywords=laptop&qid=1770919668&sprefix=lapt%2Caps%2C463&sr=8-8&xpid=vjzpPUSu4zLUM
133,"Lenovo {SmartChoice)Chromebook Intel Celeron N4500 (4GB RAM/64GB eMMC 5.1/11.6 Inch (29.46cm)/HD Display/2Wx2 Stereo Speakers/HD Camera/Chrome OS/Blue/1.21Kg), 82UY0014HA",15990.0,36502.0,3.8,https://www.amazon.in/Lenovo-SmartChoice-Chromebook-Speakers-82UY0014HA/dp/B0F2TMZJ24/ref=sr_1_9?crid=3NW6BLF8383HH&dib=eyJ2IjoiMSJ9.LvRYcMXe0gyflLpcoiYNjDQGiwtKVW-phB8l2zfUs6F2K8IB0k81FtY8l46ljuBNJJBQaPO6y6rlhRWd_3V_lCEgKf5RQeuOq-UVQsRKiVXAANlMHe5aNFzSLe0ovkdCHiLPBcp5CEOO4wajlYzJ4KAqCQDLgxRcAi9T5UdBiErRkIMipXQ6wsaFhEoB6CsvD5SO2L4TJM5otxdR0SGTVLyePvIPOfn0f6I6Lw62NK8.sqHAtQadogqksm40zWF73_JiJUKZF6Pm3NqVmQgTtnA&dib_tag=se&keywords=laptop&qid=1770919668&sprefix=lapt%2Caps%2C463&sr=8-9&xpid=vjzpPUSu4zLUM
134,"HP 15 Consumer Series Laptop, Intel Core i3-1315U (13th Gen) 12GB DDR4 RAM,512GB NVMe SSD/ 15.6'' FHD Anti-Glare, Micro-Edge, Win11, M365 Basic(1yr)* Office24, Silver,1.59kg, FHD Camera with Shutter",40654.0,53933.0,4.1,https://www.amazon.in/HP-Consumer-i3-1315U-Anti-Glare-Micro-Edge/dp/B0FMYH3W73/ref=sr_1_10?crid=3NW6BLF8383HH&dib=eyJ2IjoiMSJ9.LvRYcMXe0gyflLpcoiYNjDQGiwtKVW-phB8l2zfUs6F2K8IB0k81FtY8l46ljuBNJJBQaPO6y6rlhRWd_3V_lCEgKf5RQeuOq-UVQsRKiVXAANlMHe5aNFzSLe0ovkdCHiLPBcp5CEOO4wajlYzJ4KAqCQDLgxRcAi9T5UdBiErRkIMipXQ6wsaFhEoB6CsvD5SO2L4TJM5otxdR0SGTVLyePvIPOfn0f6I6Lw62NK8.sqHAtQadogqksm40zWF73_JiJUKZF6Pm3NqVmQgTtnA&dib_tag=se&keywords=laptop&qid=1770919668&sprefix=lapt%2Caps%2C463&sr=8-10&xpid=vjzpPUSu4zLUM
135,"ASUS Vivobook Go 14, AMD Ryzen 3 7320U, 8GB RAM, 512GB SSD, FHD 14"", Windows 11, Office Home 2024, Mixed Black, 1.38 kg, E1404FA-NK3325WS, AMD Radeon iGPU, M365 Basic (1Year)*, Thin & Light Laptop",34990.0,43990.0,4.1,https://www.amazon.in/ASUS-Vivobook-Radeon-Windows-E1404FA-NK3325WS/dp/B0DTYNRVRX/ref=sr_1_13?crid=3NW6BLF8383HH&dib=eyJ2IjoiMSJ9.LvRYcMXe0gyflLpcoiYNjDQGiwtKVW-phB8l2zfUs6F2K8IB0k81FtY8l46ljuBNJJBQaPO6y6rlhRWd_3V_lCEgKf5RQeuOq-UVQsRKiVXAANlMHe5aNFzSLe0ovkdCHiLPBcp5CEOO4wajlYzJ4KAqCQDLgxRcAi9T5UdBiErRkIMipXQ6wsaFhEoB6CsvD5SO2L4TJM5otxdR0SGTVLyePvIPOfn0f6I6Lw62NK8.sqHAtQadogqksm40zWF73_JiJUKZF6Pm3NqVmQgTtnA&dib_tag=se&keywords=laptop&qid=1770919668&sprefix=lapt%2Caps%2C463&sr=8-13&xpid=vjzpPUSu4zLUM
136,"HP Omnibook 5 OLED, Snapdragon X Processor (16GB LPDDR5x,1TB SSD) 2K OLED, Micro-Edge, 16''/40.6cm, Win11, M365*Office24, Glacier Silver, 1.59kg, fb0001QU, FHD Camera, Backlit, Next-Gen AI Laptop",71340.0,85965.0,4.1,https://www.amazon.in/HP-Snapdragon-Processor-Micro-Edge-fb0001QU/dp/B0FRM3G9JF/ref=sr_1_14?crid=3NW6BLF8383HH&dib=eyJ2IjoiMSJ9.LvRYcMXe0gyflLpcoiYNjDQGiwtKVW-phB8l2zfUs6F2K8IB0k81FtY8l46ljuBNJJBQaPO6y6rlhRWd_3V_lCEgKf5RQeuOq-UVQsRKiVXAANlMHe5aNFzSLe0ovkdCHiLPBcp5CEOO4wajlYzJ4KAqCQDLgxRcAi9T5UdBiErRkIMipXQ6wsaFhEoB6CsvD5SO2L4TJM5otxdR0SGTVLyePvIPOfn0f6I6Lw62NK8.sqHAtQadogqksm40zWF73_JiJUKZF6Pm3NqVmQgTtnA&dib_tag=se&keywords=laptop&qid=1770919668&sprefix=lapt%2Caps%2C463&sr=8-14&xpid=vjzpPUSu4zLUM
137,"HP 15, 13th Gen Intel Core i3-1315U (12GB DDR4, 512GB SSD) FHD, Anti-Glare, Micro-Edge, 15.6''/39.6cm, Win11, M365 Basic(1yr)* Office24, Silver, 1.59kg, fd0573TU, FHD Camera w/Shutter Laptop",41990.0,52721.0,4.1,https://www.amazon.in/HP-i3-1315U-Anti-Glare-Micro-Edge-fd0573TU/dp/B0F4R3GFMQ/ref=sr_1_15?crid=3NW6BLF8383HH&dib=eyJ2IjoiMSJ9.LvRYcMXe0gyflLpcoiYNjDQGiwtKVW-phB8l2zfUs6F2K8IB0k81FtY8l46ljuBNJJBQaPO6y6rlhRWd_3V_lCEgKf5RQeuOq-UVQsRKiVXAANlMHe5aNFzSLe0ovkdCHiLPBcp5CEOO4wajlYzJ4KAqCQDLgxRcAi9T5UdBiErRkIMipXQ6wsaFhEoB6CsvD5SO2L4TJM5otxdR0SGTVLyePvIPOfn0f6I6Lw62NK8.sqHAtQadogqksm40zWF73_JiJUKZF6Pm3NqVmQgTtnA&dib_tag=se&keywords=laptop&qid=1770919668&sprefix=lapt%2Caps%2C463&sr=8-15&xpid=vjzpPUSu4zLUM
138,"acer Aspire 3, Intel Core Celeron N4500, 12GB LPDDR4X RAM, 512GB SSD, HD, 15.6""/39.62cm, Windows 11 Home, Pure Silver, 1.5KG, A325-45, Thin and Light Laptop",31999.0,35999.0,3.4,https://www.amazon.in/Celeron-LPDDR4X-39-62cm-Windows-A325-45/dp/B0FF4QBNWM/ref=sr_1_16?crid=3NW6BLF8383HH&dib=eyJ2IjoiMSJ9.LvRYcMXe0gyflLpcoiYNjDQGiwtKVW-phB8l2zfUs6F2K8IB0k81FtY8l46ljuBNJJBQaPO6y6rlhRWd_3V_lCEgKf5RQeuOq-UVQsRKiVXAANlMHe5aNFzSLe0ovkdCHiLPBcp5CEOO4wajlYzJ4KAqCQDLgxRcAi9T5UdBiErRkIMipXQ6wsaFhEoB6CsvD5SO2L4TJM5otxdR0SGTVLyePvIPOfn0f6I6Lw62NK8.sqHAtQadogqksm40zWF73_JiJUKZF6Pm3NqVmQgTtnA&dib_tag=se&keywords=laptop&qid=1770919668&sprefix=lapt%2Caps%2C463&sr=8-16&xpid=vjzpPUSu4zLUM
139,Thomson NEO 14.1 Inch IN-P14C Intel Celeron Dual Core N4020 Processor & Window 11 Notebook (8 GB RAM DDR4/ 256 GB SSD/Numeric Touch Pad/1MP Webcam/Silver),14990.0,27990.0,3.0,https://www.amazon.in/Thomson-Window-Notebook-Numeric-Webcam/dp/B0DYVR777M/ref=sr_1_17?crid=3NW6BLF8383HH&dib=eyJ2IjoiMSJ9.LvRYcMXe0gyflLpcoiYNjDQGiwtKVW-phB8l2zfUs6F2K8IB0k81FtY8l46ljuBNJJBQaPO6y6rlhRWd_3V_lCEgKf5RQeuOq-UVQsRKiVXAANlMHe5aNFzSLe0ovkdCHiLPBcp5CEOO4wajlYzJ4KAqCQDLgxRcAi9T5UdBiErRkIMipXQ6wsaFhEoB6CsvD5SO2L4TJM5otxdR0SGTVLyePvIPOfn0f6I6Lw62NK8.sqHAtQadogqksm40zWF73_JiJUKZF6Pm3NqVmQgTtnA&dib_tag=se&keywords=laptop&qid=1770919668&sprefix=lapt%2Caps%2C463&sr=8-17&xpid=vjzpPUSu4zLUM
140,"ASUS TUF A15 (2025), AMD Ryzen 7 7445HS, Gaming Laptop(RTX 3050,75W TGP,16GB DDR5(Upgradeable Upto 64GB )512GB SSD,FHD,15.6"",144Hz,RGB Keyboard,48Whrs,Windows 11,Graphite Black,2.3 Kg) FA506NCG-HN199W",70990.0,83990.0,4.2,https://www.amazon.in/ASUS-Upgradeable-Keyboard-Graphite-FA506NCG-HN199W/dp/B0FM3C4L2F/ref=sr_1_18?crid=3NW6BLF8383HH&dib=eyJ2IjoiMSJ9.LvRYcMXe0gyflLpcoiYNjDQGiwtKVW-phB8l2zfUs6F2K8IB0k81FtY8l46ljuBNJJBQaPO6y6rlhRWd_3V_lCEgKf5RQeuOq-UVQsRKiVXAANlMHe5aNFzSLe0ovkdCHiLPBcp5CEOO4wajlYzJ4KAqCQDLgxRcAi9T5UdBiErRkIMipXQ6wsaFhEoB6CsvD5SO2L4TJM5otxdR0SGTVLyePvIPOfn0f6I6Lw62NK8.sqHAtQadogqksm40zWF73_JiJUKZF6Pm3NqVmQgTtnA&dib_tag=se&keywords=laptop&qid=1770919668&sprefix=lapt%2Caps%2C463&sr=8-18&xpid=vjzpPUSu4zLUM
141,"HP 14s Intel Celeron Dual Core N4500 Laptop (8GB/512GB SSD/Win 11) 14.0"" HD Display, MSO 24, Black, 1.46kg, DQ3149TU Thin and Light Business Laptop",28690.0,30299.0,3.4,https://www.amazon.in/HP-Celeron-Display-DQ3149TU-Business/dp/B0FYYBXPPD/ref=sr_1_19?crid=3NW6BLF8383HH&dib=eyJ2IjoiMSJ9.LvRYcMXe0gyflLpcoiYNjDQGiwtKVW-phB8l2zfUs6F2K8IB0k81FtY8l46ljuBNJJBQaPO6y6rlhRWd_3V_lCEgKf5RQeuOq-UVQsRKiVXAANlMHe5aNFzSLe0ovkdCHiLPBcp5CEOO4wajlYzJ4KAqCQDLgxRcAi9T5UdBiErRkIMipXQ6wsaFhEoB6CsvD5SO2L4TJM5otxdR0SGTVLyePvIPOfn0f6I6Lw62NK8.sqHAtQadogqksm40zWF73_JiJUKZF6Pm3NqVmQgTtnA&dib_tag=se&keywords=laptop&qid=1770919668&sprefix=lapt%2Caps%2C463&sr=8-19&xpid=vjzpPUSu4zLUM
142,"HP 15, 13th Gen Intel Core i5-1334U, (16GB DDR4,512GB SSD) Anti-Glare, Micro-Edge, FHD, 15.6''/39.6cm, Win11, M365 Basic(1yr)* Office24, Silver, 1.59kg, fd0577TU, Iris Xe, FHD Camera w/Shutter Laptop",54990.0,70841.0,3.9,https://www.amazon.in/HP-i5-1334U-Anti-Glare-Micro-Edge-fd0577TU/dp/B0F4R6H3NB/ref=sr_1_20?crid=3NW6BLF8383HH&dib=eyJ2IjoiMSJ9.LvRYcMXe0gyflLpcoiYNjDQGiwtKVW-phB8l2zfUs6F2K8IB0k81FtY8l46ljuBNJJBQaPO6y6rlhRWd_3V_lCEgKf5RQeuOq-UVQsRKiVXAANlMHe5aNFzSLe0ovkdCHiLPBcp5CEOO4wajlYzJ4KAqCQDLgxRcAi9T5UdBiErRkIMipXQ6wsaFhEoB6CsvD5SO2L4TJM5otxdR0SGTVLyePvIPOfn0f6I6Lw62NK8.sqHAtQadogqksm40zWF73_JiJUKZF6Pm3NqVmQgTtnA&dib_tag=se&keywords=laptop&qid=1770919668&sprefix=lapt%2Caps%2C463&sr=8-20&xpid=vjzpPUSu4zLUM
143,"Dell_Model 5320 | i7 | 11th Generation Processor | 16GB RAM | 512GB SSD | 13.3"" FHD Display | Win 10 Pro | A+ Condition Laptop (Refab & Tested)",,,,https://www.amazon.in/Dell_Model-5320-Generation-Processor-Condition/dp/B0GLZ1FDRX/ref=sr_1_3?crid=3NW6BLF8383HH&dib=eyJ2IjoiMSJ9.LvRYcMXe0gyflLpcoiYNjDQGiwtKVW-phB8l2zfUs6F2K8IB0k81FtY8l46ljuBNJJBQaPO6y6rlhRWd_3V_lCEgKf5RQeuOq-UVQsRKiVXAANlMHe5aNFzSLe0ovkdCHiLPBcp5CEOO4wajlYzJ4KAqCQDLgxRcAi9T5UdBiErRkIMipXQ6wsaFhEoB6CsvD5SO2L4TJM5otxdR0SGTVLyePvIPOfn0f6I6Lw62NK8.noXVeueJRZBQUcGNqla5FiZ9rjt2u14J1HJOrM4QsFM&dib_tag=se&keywords=laptop&qid=1770919668&sprefix=lapt%2Caps%2C463&sr=8-3&xpid=vjzpPUSu4zLUM
144,"EBook 11.6"" HD Laptop | Best Student & Office Work Laptop | Celeron N4020 | 4GB DDR4 | 128GB eMMC + M.2 SSD Expandable Slot | Win 11 Home |31Wh Battery | UHD Graphics 600 | Black",10990.0,25000.0,5.0,https://www.amazon.in/Neopticon-Student-Celeron-Expandable-Graphics/dp/B0G2MT8YVV/ref=sr_1_4?crid=3NW6BLF8383HH&dib=eyJ2IjoiMSJ9.LvRYcMXe0gyflLpcoiYNjDQGiwtKVW-phB8l2zfUs6F2K8IB0k81FtY8l46ljuBNJJBQaPO6y6rlhRWd_3V_lCEgKf5RQeuOq-UVQsRKiVXAANlMHe5aNFzSLe0ovkdCHiLPBcp5CEOO4wajlYzJ4KAqCQDLgxRcAi9T5UdBiErRkIMipXQ6wsaFhEoB6CsvD5SO2L4TJM5otxdR0SGTVLyePvIPOfn0f6I6Lw62NK8.noXVeueJRZBQUcGNqla5FiZ9rjt2u14J1HJOrM4QsFM&dib_tag=se&keywords=laptop&qid=1770919668&sprefix=lapt%2Caps%2C463&sr=8-4&xpid=vjzpPUSu4zLUM
145,"HP 15, AMD Ryzen 3 7320U (8GB DDR4, 512GB SSD) FHD, Anti-Glare, Micro-Edge, 15.6''/39.6cm, Win11, M365 Basic(1yr)* Office24, Silver, 1.59kg, fc0500AU, FHD Camera w/Privacy Shutter Laptop",36990.0,44783.0,4.0,https://www.amazon.in/HP-Anti-Glare-Micro-Edge-Office24-fc0500AU/dp/B0FJYJ8LVY/ref=sr_1_5?crid=3NW6BLF8383HH&dib=eyJ2IjoiMSJ9.LvRYcMXe0gyflLpcoiYNjDQGiwtKVW-phB8l2zfUs6F2K8IB0k81FtY8l46ljuBNJJBQaPO6y6rlhRWd_3V_lCEgKf5RQeuOq-UVQsRKiVXAANlMHe5aNFzSLe0ovkdCHiLPBcp5CEOO4wajlYzJ4KAqCQDLgxRcAi9T5UdBiErRkIMipXQ6wsaFhEoB6CsvD5SO2L4TJM5otxdR0SGTVLyePvIPOfn0f6I6Lw62NK8.noXVeueJRZBQUcGNqla5FiZ9rjt2u14J1HJOrM4QsFM&dib_tag=se&keywords=laptop&qid=1770919668&sprefix=lapt%2Caps%2C463&sr=8-5&xpid=vjzpPUSu4zLUM
146,"Primebook 2 Max 2025 (New Launch) | 8GB RAM, 256GB UFS Storage | 15.6-Inch Full HD IPS Display | 12hrs Battery | MediaTek Helio G99 | Android 15 (PrimeOS 3.0) | Backlit Keyboard | in-Built AI (Gray)",22990.0,34990.0,4.3,https://www.amazon.in/sspa/click?ie=UTF8&spc=MTo2MjgwMjAzMTI3ODg0NTM0OjE3NzA5MTk2Njg6c3Bfc2VhcmNoX3RoZW1hdGljOjMwMDcwNjM5MjAxMDAzMjo6MDo6&url=%2FPrimebook-Storage-15-6-Inch-MediaTek-Keyboard%2Fdp%2FB0FFMQB3KL%2Fref%3Dsxin_14_pa_sp_search_thematic_sspa%3Fcontent-id%3Damzn1.sym.7e2c8ac4-9f12-4bcd-9497-a8ae54bc8764%253Aamzn1.sym.7e2c8ac4-9f12-4bcd-9497-a8ae54bc8764%26crid%3D3NW6BLF8383HH%26cv_ct_cx%3Dlaptop%26keywords%3Dlaptop%26pd_rd_i%3DB0FFMQB3KL%26pd_rd_r%3D2846a23e-b21d-4983-b25b-cb107a2a70ee%26pd_rd_w%3D98rYt%26pd_rd_wg%3DrXjSD%26pf_rd_p%3D7e2c8ac4-9f12-4bcd-9497-a8ae54bc8764%26pf_rd_r%3D721DF5PESEQV3MWRZRFG%26qid%3D1770919668%26sbo%3DRZvfv%252F%252FHxDF%252BO5021pAnSA%253D%253D%26sprefix%3Dlapt%252Caps%252C463%26sr%3D1-1-66673dcf-083f-43ba-b782-d4a436cc5cfb-spons%26xpid%3DvjzpPUSu4zLUM%26aref%3DzUANlRM61Y%26sp_csd%3Dd2lkZ2V0TmFtZT1zcF9zZWFyY2hfdGhlbWF0aWM%26psc%3D1&aref=zUANlRM61Y&sp_cr=ZAZ
147,"HP OmniBook 5 OLED (Previously Pavilion), Snapdragon X Processor (16GB LPDDR5x, 512GB SSD) 2K, 14''/35.6cm, Win11, M365 Basic(1yr)* Office24, Silver, 1.35kg, he0014QU, Light-Weight, Next-Gen AI Laptop",66020.0,83704.0,4.1,https://www.amazon.in/sspa/click?ie=UTF8&spc=MTo2MjgwMjAzMTI3ODg0NTM0OjE3NzA5MTk2Njg6c3Bfc2VhcmNoX3RoZW1hdGljOjMwMDkwMDY5NDE0ODUzMjo6MTo6&url=%2FHP-Previously-Snapdragon-Processor-Light-Weight%2Fdp%2FB0F8P4Y7VF%2Fref%3Dsxin_14_pa_sp_search_thematic_sspa%3Fcontent-id%3Damzn1.sym.7e2c8ac4-9f12-4bcd-9497-a8ae54bc8764%253Aamzn1.sym.7e2c8ac4-9f12-4bcd-9497-a8ae54bc8764%26crid%3D3NW6BLF8383HH%26cv_ct_cx%3Dlaptop%26keywords%3Dlaptop%26pd_rd_i%3DB0F8P4Y7VF%26pd_rd_r%3D2846a23e-b21d-4983-b25b-cb107a2a70ee%26pd_rd_w%3D98rYt%26pd_rd_wg%3DrXjSD%26pf_rd_p%3D7e2c8ac4-9f12-4bcd-9497-a8ae54bc8764%26pf_rd_r%3D721DF5PESEQV3MWRZRFG%26qid%3D1770919668%26sbo%3DRZvfv%252F%252FHxDF%252BO5021pAnSA%253D%253D%26sprefix%3Dlapt%252Caps%252C463%26sr%3D1-2-66673dcf-083f-43ba-b782-d4a436cc5cfb-spons%26xpid%3DvjzpPUSu4zLUM%26aref%3DZDXWmKYaWQ%26sp_csd%3Dd2lkZ2V0TmFtZT1zcF9zZWFyY2hfdGhlbWF0aWM%26psc%3D1&aref=ZDXWmKYaWQ&sp_cr=ZAZ
148,"Primebook 2 Neo 2025 (New Launch) | 6GB RAM, 128GB Storage (Upgradable Upto 512GB) | MediaTek Helio G99 | Android 15 (PrimeOS3.0) | in-Built AI | 11.6” Thin & Light Laptop | Type-C, USB, MicroSD Ports",15990.0,24990.0,4.4,https://www.amazon.in/sspa/click?ie=UTF8&spc=MTo2MjgwMjAzMTI3ODg0NTM0OjE3NzA5MTk2Njg6c3Bfc2VhcmNoX3RoZW1hdGljOjMwMDYyMTQ2MTg5MTEzMjo6Mjo6&url=%2FPrimebook-Upgradable-MediaTek-G99-PrimeOS3-0%2Fdp%2FB0FDLB7BQZ%2Fref%3Dsxin_14_pa_sp_search_thematic_sspa%3Fcontent-id%3Damzn1.sym.7e2c8ac4-9f12-4bcd-9497-a8ae54bc8764%253Aamzn1.sym.7e2c8ac4-9f12-4bcd-9497-a8ae54bc8764%26crid%3D3NW6BLF8383HH%26cv_ct_cx%3Dlaptop%26keywords%3Dlaptop%26pd_rd_i%3DB0FDLB7BQZ%26pd_rd_r%3D2846a23e-b21d-4983-b25b-cb107a2a70ee%26pd_rd_w%3D98rYt%26pd_rd_wg%3DrXjSD%26pf_rd_p%3D7e2c8ac4-9f12-4bcd-9497-a8ae54bc8764%26pf_rd_r%3D721DF5PESEQV3MWRZRFG%26qid%3D1770919668%26sbo%3DRZvfv%252F%252FHxDF%252BO5021pAnSA%253D%253D%26sprefix%3Dlapt%252Caps%252C463%26sr%3D1-3-66673dcf-083f-43ba-b782-d4a436cc5cfb-spons%26xpid%3DvjzpPUSu4zLUM%26aref%3DE8O8DLTkwq%26sp_csd%3Dd2lkZ2V0TmFtZT1zcF9zZWFyY2hfdGhlbWF0aWM%26psc%3D1&aref=E8O8DLTkwq&sp_cr=ZAZ
149,"MSI Cyborg 15, Intel 12th Gen. i5-12450H, 40CM FHD 144Hz Gaming Laptop (16GB/512GB NVMe SSD/Windows 11 Home/MSO 2021/NVIDIA GeForce RTX 3050, GDDR6 6GB/Translucent Black/1.9Kg) A12UDX-1468IN",75990.0,97990.0,4.8,https://www.amazon.in/sspa/click?ie=UTF8&spc=MTo2MjgwMjAzMTI3ODg0NTM0OjE3NzA5MTk2Njg6c3Bfc2VhcmNoX3RoZW1hdGljOjMwMDYxNTM5OTYwMzUzMjo6Mzo6&url=%2FMSI-i5-12450H-Windows-Translucent-A12UDX-1468IN%2Fdp%2FB0DJP6N8X5%2Fref%3Dsxin_14_pa_sp_search_thematic_sspa%3Fcontent-id%3Damzn1.sym.7e2c8ac4-9f12-4bcd-9497-a8ae54bc8764%253Aamzn1.sym.7e2c8ac4-9f12-4bcd-9497-a8ae54bc8764%26crid%3D3NW6BLF8383HH%26cv_ct_cx%3Dlaptop%26keywords%3Dlaptop%26pd_rd_i%3DB0DJP6N8X5%26pd_rd_r%3D2846a23e-b21d-4983-b25b-cb107a2a70ee%26pd_rd_w%3D98rYt%26pd_rd_wg%3DrXjSD%26pf_rd_p%3D7e2c8ac4-9f12-4bcd-9497-a8ae54bc8764%26pf_rd_r%3D721DF5PESEQV3MWRZRFG%26qid%3D1770919668%26sbo%3DRZvfv%252F%252FHxDF%252BO5021pAnSA%253D%253D%26sprefix%3Dlapt%252Caps%252C463%26sr%3D1-4-66673dcf-083f-43ba-b782-d4a436cc5cfb-spons%26xpid%3DvjzpPUSu4zLUM%26aref%3DbRai6LJPxe%26sp_csd%3Dd2lkZ2V0TmFtZT1zcF9zZWFyY2hfdGhlbWF0aWM%26psc%3D1&aref=bRai6LJPxe&sp_cr=ZAZ
150,"Primebook 2 Pro 2025 (New Launch) | 8GB RAM, 128GB UFS Storage | 14.1-Inch FHD IPS Display | 14 Hours Battery | MediaTek Helio G99 | Android 15 (PrimeOS 3.0) | Backlit Keyboard | in-Built AI (Aqua)",19990.0,29990.0,4.4,https://www.amazon.in/sspa/click?ie=UTF8&spc=MTo2MjgwMjAzMTI3ODg0NTM0OjE3NzA5MTk2Njg6c3Bfc2VhcmNoX3RoZW1hdGljOjMwMDgyMzcxOTI4MTIzMjo6NDo6&url=%2FPrimebook-Storage-14-1-Inch-MediaTek-Keyboard%2Fdp%2FB0FZJNZS65%2Fref%3Dsxin_14_pa_sp_search_thematic_sspa%3Fcontent-id%3Damzn1.sym.7e2c8ac4-9f12-4bcd-9497-a8ae54bc8764%253Aamzn1.sym.7e2c8ac4-9f12-4bcd-9497-a8ae54bc8764%26crid%3D3NW6BLF8383HH%26cv_ct_cx%3Dlaptop%26keywords%3Dlaptop%26pd_rd_i%3DB0FZJNZS65%26pd_rd_r%3D2846a23e-b21d-4983-b25b-cb107a2a70ee%26pd_rd_w%3D98rYt%26pd_rd_wg%3DrXjSD%26pf_rd_p%3D7e2c8ac4-9f12-4bcd-9497-a8ae54bc8764%26pf_rd_r%3D721DF5PESEQV3MWRZRFG%26qid%3D1770919668%26sbo%3DRZvfv%252F%252FHxDF%252BO5021pAnSA%253D%253D%26sprefix%3Dlapt%252Caps%252C463%26sr%3D1-5-66673dcf-083f-43ba-b782-d4a436cc5cfb-spons%26xpid%3DvjzpPUSu4zLUM%26aref%3DtjigWtyJ9a%26sp_csd%3Dd2lkZ2V0TmFtZT1zcF9zZWFyY2hfdGhlbWF0aWM%26psc%3D1&aref=tjigWtyJ9a&sp_cr=ZAZ
151,"BrowseBook 14.1"" FHD IPS Laptop | Best Student & Office Work Laptop | Celeron N4020 | 4GB RAM | 128GB SSD | Windows 11 | 38Wh | 1.3kg | Grey",12990.0,30000.0,3.0,https://www.amazon.in/Neopticon-BrowseBook-Student-Celeron-Windows/dp/B0FC64RYH1/ref=sr_1_6?crid=3NW6BLF8383HH&dib=eyJ2IjoiMSJ9.LvRYcMXe0gyflLpcoiYNjDQGiwtKVW-phB8l2zfUs6F2K8IB0k81FtY8l46ljuBNJJBQaPO6y6rlhRWd_3V_lCEgKf5RQeuOq-UVQsRKiVXAANlMHe5aNFzSLe0ovkdCHiLPBcp5CEOO4wajlYzJ4KAqCQDLgxRcAi9T5UdBiErRkIMipXQ6wsaFhEoB6CsvD5SO2L4TJM5otxdR0SGTVLyePvIPOfn0f6I6Lw62NK8.noXVeueJRZBQUcGNqla5FiZ9rjt2u14J1HJOrM4QsFM&dib_tag=se&keywords=laptop&qid=1770919668&sprefix=lapt%2Caps%2C463&sr=8-6&xpid=vjzpPUSu4zLUM
152,Thomson NEO 14.1 Inch IN-P14C Intel Celeron Dual Core N4020 Processor & Window 11 Home Notebook (4 GB RAM DDR4/ 128 GB SSD/Numeric Touch Pad/Thin & Light Weight/Silver),12990.0,24990.0,,https://www.amazon.in/Thomson-Processor-Window-Notebook-Numeric/dp/B0DYVQYGP9/ref=sr_1_7?crid=3NW6BLF8383HH&dib=eyJ2IjoiMSJ9.LvRYcMXe0gyflLpcoiYNjDQGiwtKVW-phB8l2zfUs6F2K8IB0k81FtY8l46ljuBNJJBQaPO6y6rlhRWd_3V_lCEgKf5RQeuOq-UVQsRKiVXAANlMHe5aNFzSLe0ovkdCHiLPBcp5CEOO4wajlYzJ4KAqCQDLgxRcAi9T5UdBiErRkIMipXQ6wsaFhEoB6CsvD5SO2L4TJM5otxdR0SGTVLyePvIPOfn0f6I6Lw62NK8.noXVeueJRZBQUcGNqla5FiZ9rjt2u14J1HJOrM4QsFM&dib_tag=se&keywords=laptop&qid=1770919668&sprefix=lapt%2Caps%2C463&sr=8-7&xpid=vjzpPUSu4zLUM
153,"JioBook 11 with Lifetime Office | Android 4G Laptop Mediatek 8788 (JioOS) | Octa-core | 4GB RAM | 64 eMMC Storage | Thin and Light Laptop (11.6 inch, 990 Grams) | Dual Band WiFi + SIM | Blue",10990.0,25000.0,2.9,https://www.amazon.in/JioBook-Octa-Core-LPDDR4-JioOS-Expandable/dp/B0CKX9PY1H/ref=sr_1_8?crid=3NW6BLF8383HH&dib=eyJ2IjoiMSJ9.LvRYcMXe0gyflLpcoiYNjDQGiwtKVW-phB8l2zfUs6F2K8IB0k81FtY8l46ljuBNJJBQaPO6y6rlhRWd_3V_lCEgKf5RQeuOq-UVQsRKiVXAANlMHe5aNFzSLe0ovkdCHiLPBcp5CEOO4wajlYzJ4KAqCQDLgxRcAi9T5UdBiErRkIMipXQ6wsaFhEoB6CsvD5SO2L4TJM5otxdR0SGTVLyePvIPOfn0f6I6Lw62NK8.noXVeueJRZBQUcGNqla5FiZ9rjt2u14J1HJOrM4QsFM&dib_tag=se&keywords=laptop&qid=1770919668&sprefix=lapt%2Caps%2C463&sr=8-8&xpid=vjzpPUSu4zLUM
154,"Lenovo {SmartChoice)Chromebook Intel Celeron N4500 (4GB RAM/64GB eMMC 5.1/11.6 Inch (29.46cm)/HD Display/2Wx2 Stereo Speakers/HD Camera/Chrome OS/Blue/1.21Kg), 82UY0014HA",15990.0,36502.0,3.8,https://www.amazon.in/Lenovo-SmartChoice-Chromebook-Speakers-82UY0014HA/dp/B0F2TMZJ24/ref=sr_1_9?crid=3NW6BLF8383HH&dib=eyJ2IjoiMSJ9.LvRYcMXe0gyflLpcoiYNjDQGiwtKVW-phB8l2zfUs6F2K8IB0k81FtY8l46ljuBNJJBQaPO6y6rlhRWd_3V_lCEgKf5RQeuOq-UVQsRKiVXAANlMHe5aNFzSLe0ovkdCHiLPBcp5CEOO4wajlYzJ4KAqCQDLgxRcAi9T5UdBiErRkIMipXQ6wsaFhEoB6CsvD5SO2L4TJM5otxdR0SGTVLyePvIPOfn0f6I6Lw62NK8.noXVeueJRZBQUcGNqla5FiZ9rjt2u14J1HJOrM4QsFM&dib_tag=se&keywords=laptop&qid=1770919668&sprefix=lapt%2Caps%2C463&sr=8-9&xpid=vjzpPUSu4zLUM
155,"HP 15 Consumer Series Laptop, Intel Core i3-1315U (13th Gen) 12GB DDR4 RAM,512GB NVMe SSD/ 15.6'' FHD Anti-Glare, Micro-Edge, Win11, M365 Basic(1yr)* Office24, Silver,1.59kg, FHD Camera with Shutter",40654.0,53933.0,4.1,https://www.amazon.in/HP-Consumer-i3-1315U-Anti-Glare-Micro-Edge/dp/B0FMYH3W73/ref=sr_1_10?crid=3NW6BLF8383HH&dib=eyJ2IjoiMSJ9.LvRYcMXe0gyflLpcoiYNjDQGiwtKVW-phB8l2zfUs6F2K8IB0k81FtY8l46ljuBNJJBQaPO6y6rlhRWd_3V_lCEgKf5RQeuOq-UVQsRKiVXAANlMHe5aNFzSLe0ovkdCHiLPBcp5CEOO4wajlYzJ4KAqCQDLgxRcAi9T5UdBiErRkIMipXQ6wsaFhEoB6CsvD5SO2L4TJM5otxdR0SGTVLyePvIPOfn0f6I6Lw62NK8.noXVeueJRZBQUcGNqla5FiZ9rjt2u14J1HJOrM4QsFM&dib_tag=se&keywords=laptop&qid=1770919668&sprefix=lapt%2Caps%2C463&sr=8-10&xpid=vjzpPUSu4zLUM
156,"ASUS Vivobook Go 14, AMD Ryzen 3 7320U, 8GB RAM, 512GB SSD, FHD 14"", Windows 11, Office Home 2024, Mixed Black, 1.38 kg, E1404FA-NK3325WS, AMD Radeon iGPU, M365 Basic (1Year)*, Thin & Light Laptop",34990.0,43990.0,4.1,https://www.amazon.in/ASUS-Vivobook-Radeon-Windows-E1404FA-NK3325WS/dp/B0DTYNRVRX/ref=sr_1_13?crid=3NW6BLF8383HH&dib=eyJ2IjoiMSJ9.LvRYcMXe0gyflLpcoiYNjDQGiwtKVW-phB8l2zfUs6F2K8IB0k81FtY8l46ljuBNJJBQaPO6y6rlhRWd_3V_lCEgKf5RQeuOq-UVQsRKiVXAANlMHe5aNFzSLe0ovkdCHiLPBcp5CEOO4wajlYzJ4KAqCQDLgxRcAi9T5UdBiErRkIMipXQ6wsaFhEoB6CsvD5SO2L4TJM5otxdR0SGTVLyePvIPOfn0f6I6Lw62NK8.noXVeueJRZBQUcGNqla5FiZ9rjt2u14J1HJOrM4QsFM&dib_tag=se&keywords=laptop&qid=1770919668&sprefix=lapt%2Caps%2C463&sr=8-13&xpid=vjzpPUSu4zLUM
157,"HP Omnibook 5 OLED, Snapdragon X Processor (16GB LPDDR5x,1TB SSD) 2K OLED, Micro-Edge, 16''/40.6cm, Win11, M365*Office24, Glacier Silver, 1.59kg, fb0001QU, FHD Camera, Backlit, Next-Gen AI Laptop",71340.0,85965.0,4.1,https://www.amazon.in/HP-Snapdragon-Processor-Micro-Edge-fb0001QU/dp/B0FRM3G9JF/ref=sr_1_14?crid=3NW6BLF8383HH&dib=eyJ2IjoiMSJ9.LvRYcMXe0gyflLpcoiYNjDQGiwtKVW-phB8l2zfUs6F2K8IB0k81FtY8l46ljuBNJJBQaPO6y6rlhRWd_3V_lCEgKf5RQeuOq-UVQsRKiVXAANlMHe5aNFzSLe0ovkdCHiLPBcp5CEOO4wajlYzJ4KAqCQDLgxRcAi9T5UdBiErRkIMipXQ6wsaFhEoB6CsvD5SO2L4TJM5otxdR0SGTVLyePvIPOfn0f6I6Lw62NK8.noXVeueJRZBQUcGNqla5FiZ9rjt2u14J1HJOrM4QsFM&dib_tag=se&keywords=laptop&qid=1770919668&sprefix=lapt%2Caps%2C463&sr=8-14&xpid=vjzpPUSu4zLUM
158,"HP 15, 13th Gen Intel Core i3-1315U (12GB DDR4, 512GB SSD) FHD, Anti-Glare, Micro-Edge, 15.6''/39.6cm, Win11, M365 Basic(1yr)* Office24, Silver, 1.59kg, fd0573TU, FHD Camera w/Shutter Laptop",41990.0,52721.0,4.1,https://www.amazon.in/HP-i3-1315U-Anti-Glare-Micro-Edge-fd0573TU/dp/B0F4R3GFMQ/ref=sr_1_15?crid=3NW6BLF8383HH&dib=eyJ2IjoiMSJ9.LvRYcMXe0gyflLpcoiYNjDQGiwtKVW-phB8l2zfUs6F2K8IB0k81FtY8l46ljuBNJJBQaPO6y6rlhRWd_3V_lCEgKf5RQeuOq-UVQsRKiVXAANlMHe5aNFzSLe0ovkdCHiLPBcp5CEOO4wajlYzJ4KAqCQDLgxRcAi9T5UdBiErRkIMipXQ6wsaFhEoB6CsvD5SO2L4TJM5otxdR0SGTVLyePvIPOfn0f6I6Lw62NK8.noXVeueJRZBQUcGNqla5FiZ9rjt2u14J1HJOrM4QsFM&dib_tag=se&keywords=laptop&qid=1770919668&sprefix=lapt%2Caps%2C463&sr=8-15&xpid=vjzpPUSu4zLUM
159,"acer Aspire 3, Intel Core Celeron N4500, 12GB LPDDR4X RAM, 512GB SSD, HD, 15.6""/39.62cm, Windows 11 Home, Pure Silver, 1.5KG, A325-45, Thin and Light Laptop",31999.0,35999.0,3.4,https://www.amazon.in/Celeron-LPDDR4X-39-62cm-Windows-A325-45/dp/B0FF4QBNWM/ref=sr_1_16?crid=3NW6BLF8383HH&dib=eyJ2IjoiMSJ9.LvRYcMXe0gyflLpcoiYNjDQGiwtKVW-phB8l2zfUs6F2K8IB0k81FtY8l46ljuBNJJBQaPO6y6rlhRWd_3V_lCEgKf5RQeuOq-UVQsRKiVXAANlMHe5aNFzSLe0ovkdCHiLPBcp5CEOO4wajlYzJ4KAqCQDLgxRcAi9T5UdBiErRkIMipXQ6wsaFhEoB6CsvD5SO2L4TJM5otxdR0SGTVLyePvIPOfn0f6I6Lw62NK8.noXVeueJRZBQUcGNqla5FiZ9rjt2u14J1HJOrM4QsFM&dib_tag=se&keywords=laptop&qid=1770919668&sprefix=lapt%2Caps%2C463&sr=8-16&xpid=vjzpPUSu4zLUM
160,Thomson NEO 14.1 Inch IN-P14C Intel Celeron Dual Core N4020 Processor & Window 11 Notebook (8 GB RAM DDR4/ 256 GB SSD/Numeric Touch Pad/1MP Webcam/Silver),14990.0,27990.0,3.0,https://www.amazon.in/Thomson-Window-Notebook-Numeric-Webcam/dp/B0DYVR777M/ref=sr_1_17?crid=3NW6BLF8383HH&dib=eyJ2IjoiMSJ9.LvRYcMXe0gyflLpcoiYNjDQGiwtKVW-phB8l2zfUs6F2K8IB0k81FtY8l46ljuBNJJBQaPO6y6rlhRWd_3V_lCEgKf5RQeuOq-UVQsRKiVXAANlMHe5aNFzSLe0ovkdCHiLPBcp5CEOO4wajlYzJ4KAqCQDLgxRcAi9T5UdBiErRkIMipXQ6wsaFhEoB6CsvD5SO2L4TJM5otxdR0SGTVLyePvIPOfn0f6I6Lw62NK8.noXVeueJRZBQUcGNqla5FiZ9rjt2u14J1HJOrM4QsFM&dib_tag=se&keywords=laptop&qid=1770919668&sprefix=lapt%2Caps%2C463&sr=8-17&xpid=vjzpPUSu4zLUM
161,"ASUS TUF A15 (2025), AMD Ryzen 7 7445HS, Gaming Laptop(RTX 3050,75W TGP,16GB DDR5(Upgradeable Upto 64GB )512GB SSD,FHD,15.6"",144Hz,RGB Keyboard,48Whrs,Windows 11,Graphite Black,2.3 Kg) FA506NCG-HN199W",70990.0,83990.0,4.2,https://www.amazon.in/ASUS-Upgradeable-Keyboard-Graphite-FA506NCG-HN199W/dp/B0FM3C4L2F/ref=sr_1_18?crid=3NW6BLF8383HH&dib=eyJ2IjoiMSJ9.LvRYcMXe0gyflLpcoiYNjDQGiwtKVW-phB8l2zfUs6F2K8IB0k81FtY8l46ljuBNJJBQaPO6y6rlhRWd_3V_lCEgKf5RQeuOq-UVQsRKiVXAANlMHe5aNFzSLe0ovkdCHiLPBcp5CEOO4wajlYzJ4KAqCQDLgxRcAi9T5UdBiErRkIMipXQ6wsaFhEoB6CsvD5SO2L4TJM5otxdR0SGTVLyePvIPOfn0f6I6Lw62NK8.noXVeueJRZBQUcGNqla5FiZ9rjt2u14J1HJOrM4QsFM&dib_tag=se&keywords=laptop&qid=1770919668&sprefix=lapt%2Caps%2C463&sr=8-18&xpid=vjzpPUSu4zLUM
162,"HP 14s Intel Celeron Dual Core N4500 Laptop (8GB/512GB SSD/Win 11) 14.0"" HD Display, MSO 24, Black, 1.46kg, DQ3149TU Thin and Light Business Laptop",28690.0,30299.0,3.4,https://www.amazon.in/HP-Celeron-Display-DQ3149TU-Business/dp/B0FYYBXPPD/ref=sr_1_19?crid=3NW6BLF8383HH&dib=eyJ2IjoiMSJ9.LvRYcMXe0gyflLpcoiYNjDQGiwtKVW-phB8l2zfUs6F2K8IB0k81FtY8l46ljuBNJJBQaPO6y6rlhRWd_3V_lCEgKf5RQeuOq-UVQsRKiVXAANlMHe5aNFzSLe0ovkdCHiLPBcp5CEOO4wajlYzJ4KAqCQDLgxRcAi9T5UdBiErRkIMipXQ6wsaFhEoB6CsvD5SO2L4TJM5otxdR0SGTVLyePvIPOfn0f6I6Lw62NK8.noXVeueJRZBQUcGNqla5FiZ9rjt2u14J1HJOrM4QsFM&dib_tag=se&keywords=laptop&qid=1770919668&sprefix=lapt%2Caps%2C463&sr=8-19&xpid=vjzpPUSu4zLUM
163,"HP 15, 13th Gen Intel Core i5-1334U, (16GB DDR4,512GB SSD) Anti-Glare, Micro-Edge, FHD, 15.6''/39.6cm, Win11, M365 Basic(1yr)* Office24, Silver, 1.59kg, fd0577TU, Iris Xe, FHD Camera w/Shutter Laptop",54990.0,70841.0,3.9,https://www.amazon.in/HP-i5-1334U-Anti-Glare-Micro-Edge-fd0577TU/dp/B0F4R6H3NB/ref=sr_1_20?crid=3NW6BLF8383HH&dib=eyJ2IjoiMSJ9.LvRYcMXe0gyflLpcoiYNjDQGiwtKVW-phB8l2zfUs6F2K8IB0k81FtY8l46ljuBNJJBQaPO6y6rlhRWd_3V_lCEgKf5RQeuOq-UVQsRKiVXAANlMHe5aNFzSLe0ovkdCHiLPBcp5CEOO4wajlYzJ4KAqCQDLgxRcAi9T5UdBiErRkIMipXQ6wsaFhEoB6CsvD5SO2L4TJM5otxdR0SGTVLyePvIPOfn0f6I6Lw62NK8.noXVeueJRZBQUcGNqla5FiZ9rjt2u14J1HJOrM4QsFM&dib_tag=se&keywords=laptop&qid=1770919668&sprefix=lapt%2Caps%2C463&sr=8-20&xpid=vjzpPUSu4zLUM
164,"Dell_Model 5320 | i7 | 11th Generation Processor | 16GB RAM | 512GB SSD | 13.3"" FHD Display | Win 10 Pro | A+ Condition Laptop (Refab & Tested)",,,,https://www.amazon.in/Dell_Model-5320-Generation-Processor-Condition/dp/B0GLZ1FDRX/ref=sr_1_3?crid=3NW6BLF8383HH&dib=eyJ2IjoiMSJ9.LvRYcMXe0gyflLpcoiYNjDQGiwtKVW-phB8l2zfUs6F2K8IB0k81FtY8l46ljuBNJJBQaPO6y6rlhRWd_3V_lCEgKf5RQeuOq-UVQsRKiVXAANlMHe5aNFzSLe0ovkdCHiLPBcp5CEOO4wajlYzJ4KAqCQDLgxRcAi9T5UdBiErRkIMipXQ6wsaFhEoB6CsvD5SO2L4TJM5otxdR0SGTVLyePvIPOfn0f6I6Lw62NK8.iJp8R7gqt4fVOO2KavWAJtwCp0Y3dizsnzOzlwaf-6Y&dib_tag=se&keywords=laptop&qid=1770919668&sprefix=lapt%2Caps%2C463&sr=8-3&xpid=vjzpPUSu4zLUM
165,"EBook 11.6"" HD Laptop | Best Student & Office Work Laptop | Celeron N4020 | 4GB DDR4 | 128GB eMMC + M.2 SSD Expandable Slot | Win 11 Home |31Wh Battery | UHD Graphics 600 | Black",10990.0,25000.0,5.0,https://www.amazon.in/Neopticon-Student-Celeron-Expandable-Graphics/dp/B0G2MT8YVV/ref=sr_1_4?crid=3NW6BLF8383HH&dib=eyJ2IjoiMSJ9.LvRYcMXe0gyflLpcoiYNjDQGiwtKVW-phB8l2zfUs6F2K8IB0k81FtY8l46ljuBNJJBQaPO6y6rlhRWd_3V_lCEgKf5RQeuOq-UVQsRKiVXAANlMHe5aNFzSLe0ovkdCHiLPBcp5CEOO4wajlYzJ4KAqCQDLgxRcAi9T5UdBiErRkIMipXQ6wsaFhEoB6CsvD5SO2L4TJM5otxdR0SGTVLyePvIPOfn0f6I6Lw62NK8.iJp8R7gqt4fVOO2KavWAJtwCp0Y3dizsnzOzlwaf-6Y&dib_tag=se&keywords=laptop&qid=1770919668&sprefix=lapt%2Caps%2C463&sr=8-4&xpid=vjzpPUSu4zLUM
166,"HP 15, AMD Ryzen 3 7320U (8GB DDR4, 512GB SSD) FHD, Anti-Glare, Micro-Edge, 15.6''/39.6cm, Win11, M365 Basic(1yr)* Office24, Silver, 1.59kg, fc0500AU, FHD Camera w/Privacy Shutter Laptop",36990.0,44783.0,4.0,https://www.amazon.in/HP-Anti-Glare-Micro-Edge-Office24-fc0500AU/dp/B0FJYJ8LVY/ref=sr_1_5?crid=3NW6BLF8383HH&dib=eyJ2IjoiMSJ9.LvRYcMXe0gyflLpcoiYNjDQGiwtKVW-phB8l2zfUs6F2K8IB0k81FtY8l46ljuBNJJBQaPO6y6rlhRWd_3V_lCEgKf5RQeuOq-UVQsRKiVXAANlMHe5aNFzSLe0ovkdCHiLPBcp5CEOO4wajlYzJ4KAqCQDLgxRcAi9T5UdBiErRkIMipXQ6wsaFhEoB6CsvD5SO2L4TJM5otxdR0SGTVLyePvIPOfn0f6I6Lw62NK8.iJp8R7gqt4fVOO2KavWAJtwCp0Y3dizsnzOzlwaf-6Y&dib_tag=se&keywords=laptop&qid=1770919668&sprefix=lapt%2Caps%2C463&sr=8-5&xpid=vjzpPUSu4zLUM
167,"BrowseBook 14.1"" FHD IPS Laptop | Best Student & Office Work Laptop | Celeron N4020 | 4GB RAM | 128GB SSD | Windows 11 | 38Wh | 1.3kg | Grey",12990.0,30000.0,3.0,https://www.amazon.in/Neopticon-BrowseBook-Student-Celeron-Windows/dp/B0FC64RYH1/ref=sr_1_6?crid=3NW6BLF8383HH&dib=eyJ2IjoiMSJ9.LvRYcMXe0gyflLpcoiYNjDQGiwtKVW-phB8l2zfUs6F2K8IB0k81FtY8l46ljuBNJJBQaPO6y6rlhRWd_3V_lCEgKf5RQeuOq-UVQsRKiVXAANlMHe5aNFzSLe0ovkdCHiLPBcp5CEOO4wajlYzJ4KAqCQDLgxRcAi9T5UdBiErRkIMipXQ6wsaFhEoB6CsvD5SO2L4TJM5otxdR0SGTVLyePvIPOfn0f6I6Lw62NK8.iJp8R7gqt4fVOO2KavWAJtwCp0Y3dizsnzOzlwaf-6Y&dib_tag=se&keywords=laptop&qid=1770919668&sprefix=lapt%2Caps%2C463&sr=8-6&xpid=vjzpPUSu4zLUM
168,Thomson NEO 14.1 Inch IN-P14C Intel Celeron Dual Core N4020 Processor & Window 11 Home Notebook (4 GB RAM DDR4/ 128 GB SSD/Numeric Touch Pad/Thin & Light Weight/Silver),12990.0,24990.0,,https://www.amazon.in/Thomson-Processor-Window-Notebook-Numeric/dp/B0DYVQYGP9/ref=sr_1_7?crid=3NW6BLF8383HH&dib=eyJ2IjoiMSJ9.LvRYcMXe0gyflLpcoiYNjDQGiwtKVW-phB8l2zfUs6F2K8IB0k81FtY8l46ljuBNJJBQaPO6y6rlhRWd_3V_lCEgKf5RQeuOq-UVQsRKiVXAANlMHe5aNFzSLe0ovkdCHiLPBcp5CEOO4wajlYzJ4KAqCQDLgxRcAi9T5UdBiErRkIMipXQ6wsaFhEoB6CsvD5SO2L4TJM5otxdR0SGTVLyePvIPOfn0f6I6Lw62NK8.iJp8R7gqt4fVOO2KavWAJtwCp0Y3dizsnzOzlwaf-6Y&dib_tag=se&keywords=laptop&qid=1770919668&sprefix=lapt%2Caps%2C463&sr=8-7&xpid=vjzpPUSu4zLUM
169,"JioBook 11 with Lifetime Office | Android 4G Laptop Mediatek 8788 (JioOS) | Octa-core | 4GB RAM | 64 eMMC Storage | Thin and Light Laptop (11.6 inch, 990 Grams) | Dual Band WiFi + SIM | Blue",10990.0,25000.0,2.9,https://www.amazon.in/JioBook-Octa-Core-LPDDR4-JioOS-Expandable/dp/B0CKX9PY1H/ref=sr_1_8?crid=3NW6BLF8383HH&dib=eyJ2IjoiMSJ9.LvRYcMXe0gyflLpcoiYNjDQGiwtKVW-phB8l2zfUs6F2K8IB0k81FtY8l46ljuBNJJBQaPO6y6rlhRWd_3V_lCEgKf5RQeuOq-UVQsRKiVXAANlMHe5aNFzSLe0ovkdCHiLPBcp5CEOO4wajlYzJ4KAqCQDLgxRcAi9T5UdBiErRkIMipXQ6wsaFhEoB6CsvD5SO2L4TJM5otxdR0SGTVLyePvIPOfn0f6I6Lw62NK8.iJp8R7gqt4fVOO2KavWAJtwCp0Y3dizsnzOzlwaf-6Y&dib_tag=se&keywords=laptop&qid=1770919668&sprefix=lapt%2Caps%2C463&sr=8-8&xpid=vjzpPUSu4zLUM
170,"Lenovo {SmartChoice)Chromebook Intel Celeron N4500 (4GB RAM/64GB eMMC 5.1/11.6 Inch (29.46cm)/HD Display/2Wx2 Stereo Speakers/HD Camera/Chrome OS/Blue/1.21Kg), 82UY0014HA",15990.0,36502.0,3.8,https://www.amazon.in/Lenovo-SmartChoice-Chromebook-Speakers-82UY0014HA/dp/B0F2TMZJ24/ref=sr_1_9?crid=3NW6BLF8383HH&dib=eyJ2IjoiMSJ9.LvRYcMXe0gyflLpcoiYNjDQGiwtKVW-phB8l2zfUs6F2K8IB0k81FtY8l46ljuBNJJBQaPO6y6rlhRWd_3V_lCEgKf5RQeuOq-UVQsRKiVXAANlMHe5aNFzSLe0ovkdCHiLPBcp5CEOO4wajlYzJ4KAqCQDLgxRcAi9T5UdBiErRkIMipXQ6wsaFhEoB6CsvD5SO2L4TJM5otxdR0SGTVLyePvIPOfn0f6I6Lw62NK8.iJp8R7gqt4fVOO2KavWAJtwCp0Y3dizsnzOzlwaf-6Y&dib_tag=se&keywords=laptop&qid=1770919668&sprefix=lapt%2Caps%2C463&sr=8-9&xpid=vjzpPUSu4zLUM
171,"HP 15 Consumer Series Laptop, Intel Core i3-1315U (13th Gen) 12GB DDR4 RAM,512GB NVMe SSD/ 15.6'' FHD Anti-Glare, Micro-Edge, Win11, M365 Basic(1yr)* Office24, Silver,1.59kg, FHD Camera with Shutter",40654.0,53933.0,4.1,https://www.amazon.in/HP-Consumer-i3-1315U-Anti-Glare-Micro-Edge/dp/B0FMYH3W73/ref=sr_1_10?crid=3NW6BLF8383HH&dib=eyJ2IjoiMSJ9.LvRYcMXe0gyflLpcoiYNjDQGiwtKVW-phB8l2zfUs6F2K8IB0k81FtY8l46ljuBNJJBQaPO6y6rlhRWd_3V_lCEgKf5RQeuOq-UVQsRKiVXAANlMHe5aNFzSLe0ovkdCHiLPBcp5CEOO4wajlYzJ4KAqCQDLgxRcAi9T5UdBiErRkIMipXQ6wsaFhEoB6CsvD5SO2L4TJM5otxdR0SGTVLyePvIPOfn0f6I6Lw62NK8.iJp8R7gqt4fVOO2KavWAJtwCp0Y3dizsnzOzlwaf-6Y&dib_tag=se&keywords=laptop&qid=1770919668&sprefix=lapt%2Caps%2C463&sr=8-10&xpid=vjzpPUSu4zLUM
172,"ASUS Vivobook Go 14, AMD Ryzen 3 7320U, 8GB RAM, 512GB SSD, FHD 14"", Windows 11, Office Home 2024, Mixed Black, 1.38 kg, E1404FA-NK3325WS, AMD Radeon iGPU, M365 Basic (1Year)*, Thin & Light Laptop",34990.0,43990.0,4.1,https://www.amazon.in/ASUS-Vivobook-Radeon-Windows-E1404FA-NK3325WS/dp/B0DTYNRVRX/ref=sr_1_13?crid=3NW6BLF8383HH&dib=eyJ2IjoiMSJ9.LvRYcMXe0gyflLpcoiYNjDQGiwtKVW-phB8l2zfUs6F2K8IB0k81FtY8l46ljuBNJJBQaPO6y6rlhRWd_3V_lCEgKf5RQeuOq-UVQsRKiVXAANlMHe5aNFzSLe0ovkdCHiLPBcp5CEOO4wajlYzJ4KAqCQDLgxRcAi9T5UdBiErRkIMipXQ6wsaFhEoB6CsvD5SO2L4TJM5otxdR0SGTVLyePvIPOfn0f6I6Lw62NK8.iJp8R7gqt4fVOO2KavWAJtwCp0Y3dizsnzOzlwaf-6Y&dib_tag=se&keywords=laptop&qid=1770919668&sprefix=lapt%2Caps%2C463&sr=8-13&xpid=vjzpPUSu4zLUM
173,"Primebook 2 Max 2025 (New Launch) | 8GB RAM, 256GB UFS Storage | 15.6-Inch Full HD IPS Display | 12hrs Battery | MediaTek Helio G99 | Android 15 (PrimeOS 3.0) | Backlit Keyboard | in-Built AI (Gray)",22990.0,34990.0,4.3,https://www.amazon.in/sspa/click?ie=UTF8&spc=MToyNDI4ODM2NTE0MzQyNTcxOjE3NzA5MTk2Njg6c3Bfc2VhcmNoX3RoZW1hdGljOjMwMDcwNjM5MjAxMDAzMjo6MDo6&url=%2FPrimebook-Storage-15-6-Inch-MediaTek-Keyboard%2Fdp%2FB0FFMQB3KL%2Fref%3Dsxin_24_pa_sp_search_thematic_sspa%3Fcontent-id%3Damzn1.sym.7e2c8ac4-9f12-4bcd-9497-a8ae54bc8764%253Aamzn1.sym.7e2c8ac4-9f12-4bcd-9497-a8ae54bc8764%26crid%3D3NW6BLF8383HH%26cv_ct_cx%3Dlaptop%26keywords%3Dlaptop%26pd_rd_i%3DB0FFMQB3KL%26pd_rd_r%3D5bb54fd9-74d5-4312-bdfd-1355a841639c%26pd_rd_w%3Dc7Frt%26pd_rd_wg%3D0457w%26pf_rd_p%3D7e2c8ac4-9f12-4bcd-9497-a8ae54bc8764%26pf_rd_r%3D44J076202M4ZKV4H45WD%26qid%3D1770919668%26sbo%3DRZvfv%252F%252FHxDF%252BO5021pAnSA%253D%253D%26sprefix%3Dlapt%252Caps%252C463%26sr%3D1-1-66673dcf-083f-43ba-b782-d4a436cc5cfb-spons%26xpid%3DvjzpPUSu4zLUM%26aref%3DzUANlRM61Y%26sp_csd%3Dd2lkZ2V0TmFtZT1zcF9zZWFyY2hfdGhlbWF0aWM%26psc%3D1&aref=zUANlRM61Y&sp_cr=ZAZ
174,"HP OmniBook 5 OLED (Previously Pavilion), Snapdragon X Processor (16GB LPDDR5x, 512GB SSD) 2K, 14''/35.6cm, Win11, M365 Basic(1yr)* Office24, Silver, 1.35kg, he0014QU, Light-Weight, Next-Gen AI Laptop",66020.0,83704.0,4.1,https://www.amazon.in/sspa/click?ie=UTF8&spc=MToyNDI4ODM2NTE0MzQyNTcxOjE3NzA5MTk2Njg6c3Bfc2VhcmNoX3RoZW1hdGljOjMwMDkwMDY5NDE0ODUzMjo6MTo6&url=%2FHP-Previously-Snapdragon-Processor-Light-Weight%2Fdp%2FB0F8P4Y7VF%2Fref%3Dsxin_24_pa_sp_search_thematic_sspa%3Fcontent-id%3Damzn1.sym.7e2c8ac4-9f12-4bcd-9497-a8ae54bc8764%253Aamzn1.sym.7e2c8ac4-9f12-4bcd-9497-a8ae54bc8764%26crid%3D3NW6BLF8383HH%26cv_ct_cx%3Dlaptop%26keywords%3Dlaptop%26pd_rd_i%3DB0F8P4Y7VF%26pd_rd_r%3D5bb54fd9-74d5-4312-bdfd-1355a841639c%26pd_rd_w%3Dc7Frt%26pd_rd_wg%3D0457w%26pf_rd_p%3D7e2c8ac4-9f12-4bcd-9497-a8ae54bc8764%26pf_rd_r%3D44J076202M4ZKV4H45WD%26qid%3D1770919668%26sbo%3DRZvfv%252F%252FHxDF%252BO5021pAnSA%253D%253D%26sprefix%3Dlapt%252Caps%252C463%26sr%3D1-2-66673dcf-083f-43ba-b782-d4a436cc5cfb-spons%26xpid%3DvjzpPUSu4zLUM%26aref%3DZDXWmKYaWQ%26sp_csd%3Dd2lkZ2V0TmFtZT1zcF9zZWFyY2hfdGhlbWF0aWM%26psc%3D1&aref=ZDXWmKYaWQ&sp_cr=ZAZ
175,"Primebook 2 Neo 2025 (New Launch) | 6GB RAM, 128GB Storage (Upgradable Upto 512GB) | MediaTek Helio G99 | Android 15 (PrimeOS3.0) | in-Built AI | 11.6” Thin & Light Laptop | Type-C, USB, MicroSD Ports",15990.0,24990.0,4.4,https://www.amazon.in/sspa/click?ie=UTF8&spc=MToyNDI4ODM2NTE0MzQyNTcxOjE3NzA5MTk2Njg6c3Bfc2VhcmNoX3RoZW1hdGljOjMwMDYyMTQ2MTg5MTEzMjo6Mjo6&url=%2FPrimebook-Upgradable-MediaTek-G99-PrimeOS3-0%2Fdp%2FB0FDLB7BQZ%2Fref%3Dsxin_24_pa_sp_search_thematic_sspa%3Fcontent-id%3Damzn1.sym.7e2c8ac4-9f12-4bcd-9497-a8ae54bc8764%253Aamzn1.sym.7e2c8ac4-9f12-4bcd-9497-a8ae54bc8764%26crid%3D3NW6BLF8383HH%26cv_ct_cx%3Dlaptop%26keywords%3Dlaptop%26pd_rd_i%3DB0FDLB7BQZ%26pd_rd_r%3D5bb54fd9-74d5-4312-bdfd-1355a841639c%26pd_rd_w%3Dc7Frt%26pd_rd_wg%3D0457w%26pf_rd_p%3D7e2c8ac4-9f12-4bcd-9497-a8ae54bc8764%26pf_rd_r%3D44J076202M4ZKV4H45WD%26qid%3D1770919668%26sbo%3DRZvfv%252F%252FHxDF%252BO5021pAnSA%253D%253D%26sprefix%3Dlapt%252Caps%252C463%26sr%3D1-3-66673dcf-083f-43ba-b782-d4a436cc5cfb-spons%26xpid%3DvjzpPUSu4zLUM%26aref%3DE8O8DLTkwq%26sp_csd%3Dd2lkZ2V0TmFtZT1zcF9zZWFyY2hfdGhlbWF0aWM%26psc%3D1&aref=E8O8DLTkwq&sp_cr=ZAZ
176,"HP Omnibook 5 OLED, Snapdragon X Processor (16GB LPDDR5x,1TB SSD) 2K OLED, Micro-Edge, 16''/40.6cm, Win11, M365*Office24, Glacier Silver, 1.59kg, fb0001QU, FHD Camera, Backlit, Next-Gen AI Laptop",71340.0,85965.0,4.1,https://www.amazon.in/sspa/click?ie=UTF8&spc=MToyNDI4ODM2NTE0MzQyNTcxOjE3NzA5MTk2Njg6c3Bfc2VhcmNoX3RoZW1hdGljOjMwMDkwMDY5NDE0ODYzMjo6Mzo6&url=%2FHP-Snapdragon-Processor-Micro-Edge-fb0001QU%2Fdp%2FB0FRM3G9JF%2Fref%3Dsxin_24_pa_sp_search_thematic_sspa%3Fcontent-id%3Damzn1.sym.7e2c8ac4-9f12-4bcd-9497-a8ae54bc8764%253Aamzn1.sym.7e2c8ac4-9f12-4bcd-9497-a8ae54bc8764%26crid%3D3NW6BLF8383HH%26cv_ct_cx%3Dlaptop%26keywords%3Dlaptop%26pd_rd_i%3DB0FRM3G9JF%26pd_rd_r%3D5bb54fd9-74d5-4312-bdfd-1355a841639c%26pd_rd_w%3Dc7Frt%26pd_rd_wg%3D0457w%26pf_rd_p%3D7e2c8ac4-9f12-4bcd-9497-a8ae54bc8764%26pf_rd_r%3D44J076202M4ZKV4H45WD%26qid%3D1770919668%26sbo%3DRZvfv%252F%252FHxDF%252BO5021pAnSA%253D%253D%26sprefix%3Dlapt%252Caps%252C463%26sr%3D1-4-66673dcf-083f-43ba-b782-d4a436cc5cfb-spons%26xpid%3DvjzpPUSu4zLUM%26aref%3Dt3IlMZ5VyW%26sp_csd%3Dd2lkZ2V0TmFtZT1zcF9zZWFyY2hfdGhlbWF0aWM%26psc%3D1&aref=t3IlMZ5VyW&sp_cr=ZAZ
177,"Primebook 2 Pro 2025 (New Launch) | 8GB RAM, 128GB UFS Storage | 14.1-Inch FHD IPS Display | 14 Hours Battery | MediaTek Helio G99 | Android 15 (PrimeOS 3.0) | Backlit Keyboard | in-Built AI (Aqua)",19990.0,29990.0,4.4,https://www.amazon.in/sspa/click?ie=UTF8&spc=MToyNDI4ODM2NTE0MzQyNTcxOjE3NzA5MTk2Njg6c3Bfc2VhcmNoX3RoZW1hdGljOjMwMDgyMzcxOTI4MTIzMjo6NDo6&url=%2FPrimebook-Storage-14-1-Inch-MediaTek-Keyboard%2Fdp%2FB0FZJNZS65%2Fref%3Dsxin_24_pa_sp_search_thematic_sspa%3Fcontent-id%3Damzn1.sym.7e2c8ac4-9f12-4bcd-9497-a8ae54bc8764%253Aamzn1.sym.7e2c8ac4-9f12-4bcd-9497-a8ae54bc8764%26crid%3D3NW6BLF8383HH%26cv_ct_cx%3Dlaptop%26keywords%3Dlaptop%26pd_rd_i%3DB0FZJNZS65%26pd_rd_r%3D5bb54fd9-74d5-4312-bdfd-1355a841639c%26pd_rd_w%3Dc7Frt%26pd_rd_wg%3D0457w%26pf_rd_p%3D7e2c8ac4-9f12-4bcd-9497-a8ae54bc8764%26pf_rd_r%3D44J076202M4ZKV4H45WD%26qid%3D1770919668%26sbo%3DRZvfv%252F%252FHxDF%252BO5021pAnSA%253D%253D%26sprefix%3Dlapt%252Caps%252C463%26sr%3D1-5-66673dcf-083f-43ba-b782-d4a436cc5cfb-spons%26xpid%3DvjzpPUSu4zLUM%26aref%3DtjigWtyJ9a%26sp_csd%3Dd2lkZ2V0TmFtZT1zcF9zZWFyY2hfdGhlbWF0aWM%26psc%3D1&aref=tjigWtyJ9a&sp_cr=ZAZ
178,"HP Omnibook 5 OLED, Snapdragon X Processor (16GB LPDDR5x,1TB SSD) 2K OLED, Micro-Edge, 16''/40.6cm, Win11, M365*Office24, Glacier Silver, 1.59kg, fb0001QU, FHD Camera, Backlit, Next-Gen AI Laptop",71340.0,85965.0,4.1,https://www.amazon.in/HP-Snapdragon-Processor-Micro-Edge-fb0001QU/dp/B0FRM3G9JF/ref=sr_1_14?crid=3NW6BLF8383HH&dib=eyJ2IjoiMSJ9.LvRYcMXe0gyflLpcoiYNjDQGiwtKVW-phB8l2zfUs6F2K8IB0k81FtY8l46ljuBNJJBQaPO6y6rlhRWd_3V_lCEgKf5RQeuOq-UVQsRKiVXAANlMHe5aNFzSLe0ovkdCHiLPBcp5CEOO4wajlYzJ4KAqCQDLgxRcAi9T5UdBiErRkIMipXQ6wsaFhEoB6CsvD5SO2L4TJM5otxdR0SGTVLyePvIPOfn0f6I6Lw62NK8.iJp8R7gqt4fVOO2KavWAJtwCp0Y3dizsnzOzlwaf-6Y&dib_tag=se&keywords=laptop&qid=1770919668&sprefix=lapt%2Caps%2C463&sr=8-14&xpid=vjzpPUSu4zLUM
179,"HP 15, 13th Gen Intel Core i3-1315U (12GB DDR4, 512GB SSD) FHD, Anti-Glare, Micro-Edge, 15.6''/39.6cm, Win11, M365 Basic(1yr)* Office24, Silver, 1.59kg, fd0573TU, FHD Camera w/Shutter Laptop",41990.0,52721.0,4.1,https://www.amazon.in/HP-i3-1315U-Anti-Glare-Micro-Edge-fd0573TU/dp/B0F4R3GFMQ/ref=sr_1_15?crid=3NW6BLF8383HH&dib=eyJ2IjoiMSJ9.LvRYcMXe0gyflLpcoiYNjDQGiwtKVW-phB8l2zfUs6F2K8IB0k81FtY8l46ljuBNJJBQaPO6y6rlhRWd_3V_lCEgKf5RQeuOq-UVQsRKiVXAANlMHe5aNFzSLe0ovkdCHiLPBcp5CEOO4wajlYzJ4KAqCQDLgxRcAi9T5UdBiErRkIMipXQ6wsaFhEoB6CsvD5SO2L4TJM5otxdR0SGTVLyePvIPOfn0f6I6Lw62NK8.iJp8R7gqt4fVOO2KavWAJtwCp0Y3dizsnzOzlwaf-6Y&dib_tag=se&keywords=laptop&qid=1770919668&sprefix=lapt%2Caps%2C463&sr=8-15&xpid=vjzpPUSu4zLUM
180,"acer Aspire 3, Intel Core Celeron N4500, 12GB LPDDR4X RAM, 512GB SSD, HD, 15.6""/39.62cm, Windows 11 Home, Pure Silver, 1.5KG, A325-45, Thin and Light Laptop",31999.0,35999.0,3.4,https://www.amazon.in/Celeron-LPDDR4X-39-62cm-Windows-A325-45/dp/B0FF4QBNWM/ref=sr_1_16?crid=3NW6BLF8383HH&dib=eyJ2IjoiMSJ9.LvRYcMXe0gyflLpcoiYNjDQGiwtKVW-phB8l2zfUs6F2K8IB0k81FtY8l46ljuBNJJBQaPO6y6rlhRWd_3V_lCEgKf5RQeuOq-UVQsRKiVXAANlMHe5aNFzSLe0ovkdCHiLPBcp5CEOO4wajlYzJ4KAqCQDLgxRcAi9T5UdBiErRkIMipXQ6wsaFhEoB6CsvD5SO2L4TJM5otxdR0SGTVLyePvIPOfn0f6I6Lw62NK8.iJp8R7gqt4fVOO2KavWAJtwCp0Y3dizsnzOzlwaf-6Y&dib_tag=se&keywords=laptop&qid=1770919668&sprefix=lapt%2Caps%2C463&sr=8-16&xpid=vjzpPUSu4zLUM
181,Thomson NEO 14.1 Inch IN-P14C Intel Celeron Dual Core N4020 Processor & Window 11 Notebook (8 GB RAM DDR4/ 256 GB SSD/Numeric Touch Pad/1MP Webcam/Silver),14990.0,27990.0,3.0,https://www.amazon.in/Thomson-Window-Notebook-Numeric-Webcam/dp/B0DYVR777M/ref=sr_1_17?crid=3NW6BLF8383HH&dib=eyJ2IjoiMSJ9.LvRYcMXe0gyflLpcoiYNjDQGiwtKVW-phB8l2zfUs6F2K8IB0k81FtY8l46ljuBNJJBQaPO6y6rlhRWd_3V_lCEgKf5RQeuOq-UVQsRKiVXAANlMHe5aNFzSLe0ovkdCHiLPBcp5CEOO4wajlYzJ4KAqCQDLgxRcAi9T5UdBiErRkIMipXQ6wsaFhEoB6CsvD5SO2L4TJM5otxdR0SGTVLyePvIPOfn0f6I6Lw62NK8.iJp8R7gqt4fVOO2KavWAJtwCp0Y3dizsnzOzlwaf-6Y&dib_tag=se&keywords=laptop&qid=1770919668&sprefix=lapt%2Caps%2C463&sr=8-17&xpid=vjzpPUSu4zLUM
182,"ASUS TUF A15 (2025), AMD Ryzen 7 7445HS, Gaming Laptop(RTX 3050,75W TGP,16GB DDR5(Upgradeable Upto 64GB )512GB SSD,FHD,15.6"",144Hz,RGB Keyboard,48Whrs,Windows 11,Graphite Black,2.3 Kg) FA506NCG-HN199W",70990.0,83990.0,4.2,https://www.amazon.in/ASUS-Upgradeable-Keyboard-Graphite-FA506NCG-HN199W/dp/B0FM3C4L2F/ref=sr_1_18?crid=3NW6BLF8383HH&dib=eyJ2IjoiMSJ9.LvRYcMXe0gyflLpcoiYNjDQGiwtKVW-phB8l2zfUs6F2K8IB0k81FtY8l46ljuBNJJBQaPO6y6rlhRWd_3V_lCEgKf5RQeuOq-UVQsRKiVXAANlMHe5aNFzSLe0ovkdCHiLPBcp5CEOO4wajlYzJ4KAqCQDLgxRcAi9T5UdBiErRkIMipXQ6wsaFhEoB6CsvD5SO2L4TJM5otxdR0SGTVLyePvIPOfn0f6I6Lw62NK8.iJp8R7gqt4fVOO2KavWAJtwCp0Y3dizsnzOzlwaf-6Y&dib_tag=se&keywords=laptop&qid=1770919668&sprefix=lapt%2Caps%2C463&sr=8-18&xpid=vjzpPUSu4zLUM
183,"HP 14s Intel Celeron Dual Core N4500 Laptop (8GB/512GB SSD/Win 11) 14.0"" HD Display, MSO 24, Black, 1.46kg, DQ3149TU Thin and Light Business Laptop",28690.0,30299.0,3.4,https://www.amazon.in/HP-Celeron-Display-DQ3149TU-Business/dp/B0FYYBXPPD/ref=sr_1_19?crid=3NW6BLF8383HH&dib=eyJ2IjoiMSJ9.LvRYcMXe0gyflLpcoiYNjDQGiwtKVW-phB8l2zfUs6F2K8IB0k81FtY8l46ljuBNJJBQaPO6y6rlhRWd_3V_lCEgKf5RQeuOq-UVQsRKiVXAANlMHe5aNFzSLe0ovkdCHiLPBcp5CEOO4wajlYzJ4KAqCQDLgxRcAi9T5UdBiErRkIMipXQ6wsaFhEoB6CsvD5SO2L4TJM5otxdR0SGTVLyePvIPOfn0f6I6Lw62NK8.iJp8R7gqt4fVOO2KavWAJtwCp0Y3dizsnzOzlwaf-6Y&dib_tag=se&keywords=laptop&qid=1770919668&sprefix=lapt%2Caps%2C463&sr=8-19&xpid=vjzpPUSu4zLUM
184,"HP 15, 13th Gen Intel Core i5-1334U, (16GB DDR4,512GB SSD) Anti-Glare, Micro-Edge, FHD, 15.6''/39.6cm, Win11, M365 Basic(1yr)* Office24, Silver, 1.59kg, fd0577TU, Iris Xe, FHD Camera w/Shutter Laptop",54990.0,70841.0,3.9,https://www.amazon.in/HP-i5-1334U-Anti-Glare-Micro-Edge-fd0577TU/dp/B0F4R6H3NB/ref=sr_1_20?crid=3NW6BLF8383HH&dib=eyJ2IjoiMSJ9.LvRYcMXe0gyflLpcoiYNjDQGiwtKVW-phB8l2zfUs6F2K8IB0k81FtY8l46ljuBNJJBQaPO6y6rlhRWd_3V_lCEgKf5RQeuOq-UVQsRKiVXAANlMHe5aNFzSLe0ovkdCHiLPBcp5CEOO4wajlYzJ4KAqCQDLgxRcAi9T5UdBiErRkIMipXQ6wsaFhEoB6CsvD5SO2L4TJM5otxdR0SGTVLyePvIPOfn0f6I6Lw62NK8.iJp8R7gqt4fVOO2KavWAJtwCp0Y3dizsnzOzlwaf-6Y&dib_tag=se&keywords=laptop&qid=1770919668&sprefix=lapt%2Caps%2C463&sr=8-20&xpid=vjzpPUSu4zLUM
185,"Dell_Model 5320 | i7 | 11th Generation Processor | 16GB RAM | 512GB SSD | 13.3"" FHD Display | Win 10 Pro | A+ Condition Laptop (Refab & Tested)",,,,https://www.amazon.in/Dell_Model-5320-Generation-Processor-Condition/dp/B0GLZ1FDRX/ref=sr_1_3?crid=3NW6BLF8383HH&dib=eyJ2IjoiMSJ9.LvRYcMXe0gyflLpcoiYNjDQGiwtKVW-phB8l2zfUs6F2K8IB0k81FtY8l46ljuBNJJBQaPO6y6rlhRWd_3V_lCEgKf5RQeuOq-UVQsRKiVXAANlMHe5aNFzSLe0ovkdCHiLPBcp5CEOO4wajlYzJ4KAqCQDLgxRcAi9T5UdBiErRkIMipXQ6wsaFhEoB6CsvD5SO2L4TJM5otxdR0SGTVLyePvIPOfn0f6I6Lw62NK8.PWTNifjwNO9vfcpLRWuntDKO1Yuq-FjA7YZ9wms2sSY&dib_tag=se&keywords=laptop&qid=1770919668&sprefix=lapt%2Caps%2C463&sr=8-3&xpid=vjzpPUSu4zLUM
186,"EBook 11.6"" HD Laptop | Best Student & Office Work Laptop | Celeron N4020 | 4GB DDR4 | 128GB eMMC + M.2 SSD Expandable Slot | Win 11 Home |31Wh Battery | UHD Graphics 600 | Black",10990.0,25000.0,5.0,https://www.amazon.in/Neopticon-Student-Celeron-Expandable-Graphics/dp/B0G2MT8YVV/ref=sr_1_4?crid=3NW6BLF8383HH&dib=eyJ2IjoiMSJ9.LvRYcMXe0gyflLpcoiYNjDQGiwtKVW-phB8l2zfUs6F2K8IB0k81FtY8l46ljuBNJJBQaPO6y6rlhRWd_3V_lCEgKf5RQeuOq-UVQsRKiVXAANlMHe5aNFzSLe0ovkdCHiLPBcp5CEOO4wajlYzJ4KAqCQDLgxRcAi9T5UdBiErRkIMipXQ6wsaFhEoB6CsvD5SO2L4TJM5otxdR0SGTVLyePvIPOfn0f6I6Lw62NK8.PWTNifjwNO9vfcpLRWuntDKO1Yuq-FjA7YZ9wms2sSY&dib_tag=se&keywords=laptop&qid=1770919668&sprefix=lapt%2Caps%2C463&sr=8-4&xpid=vjzpPUSu4zLUM
187,"HP 15, AMD Ryzen 3 7320U (8GB DDR4, 512GB SSD) FHD, Anti-Glare, Micro-Edge, 15.6''/39.6cm, Win11, M365 Basic(1yr)* Office24, Silver, 1.59kg, fc0500AU, FHD Camera w/Privacy Shutter Laptop",36990.0,44783.0,4.0,https://www.amazon.in/HP-Anti-Glare-Micro-Edge-Office24-fc0500AU/dp/B0FJYJ8LVY/ref=sr_1_5?crid=3NW6BLF8383HH&dib=eyJ2IjoiMSJ9.LvRYcMXe0gyflLpcoiYNjDQGiwtKVW-phB8l2zfUs6F2K8IB0k81FtY8l46ljuBNJJBQaPO6y6rlhRWd_3V_lCEgKf5RQeuOq-UVQsRKiVXAANlMHe5aNFzSLe0ovkdCHiLPBcp5CEOO4wajlYzJ4KAqCQDLgxRcAi9T5UdBiErRkIMipXQ6wsaFhEoB6CsvD5SO2L4TJM5otxdR0SGTVLyePvIPOfn0f6I6Lw62NK8.PWTNifjwNO9vfcpLRWuntDKO1Yuq-FjA7YZ9wms2sSY&dib_tag=se&keywords=laptop&qid=1770919668&sprefix=lapt%2Caps%2C463&sr=8-5&xpid=vjzpPUSu4zLUM
188,"Primebook 2 Max 2025 (New Launch) | 8GB RAM, 256GB UFS Storage | 15.6-Inch Full HD IPS Display | 12hrs Battery | MediaTek Helio G99 | Android 15 (PrimeOS 3.0) | Backlit Keyboard | in-Built AI (Gray)",22990.0,34990.0,4.3,https://www.amazon.in/sspa/click?ie=UTF8&spc=MTo1MjEyMzgxMzE3OTAwNDM3OjE3NzA5MTk2Njg6c3Bfc2VhcmNoX3RoZW1hdGljOjMwMDcwNjM5MjAxMDAzMjo6MDo6&url=%2FPrimebook-Storage-15-6-Inch-MediaTek-Keyboard%2Fdp%2FB0FFMQB3KL%2Fref%3Dsxin_14_pa_sp_search_thematic_sspa%3Fcontent-id%3Damzn1.sym.76a1f397-3be8-48c6-95f3-640bcc2e7bf1%253Aamzn1.sym.76a1f397-3be8-48c6-95f3-640bcc2e7bf1%26crid%3D3NW6BLF8383HH%26cv_ct_cx%3Dlaptop%26keywords%3Dlaptop%26pd_rd_i%3DB0FFMQB3KL%26pd_rd_r%3D0a5e3d8d-0975-43e9-bf8f-e4aeef19576b%26pd_rd_w%3DrKwQR%26pd_rd_wg%3DiySko%26pf_rd_p%3D76a1f397-3be8-48c6-95f3-640bcc2e7bf1%26pf_rd_r%3D4N1MJ26088M086DPSS3J%26qid%3D1770919668%26sbo%3DRZvfv%252F%252FHxDF%252BO5021pAnSA%253D%253D%26sprefix%3Dlapt%252Caps%252C463%26sr%3D1-1-ced4eeeb-b190-41d6-902a-1ecb3fb8b7c4-spons%26xpid%3DvjzpPUSu4zLUM%26aref%3DzUANlRM61Y%26sp_csd%3Dd2lkZ2V0TmFtZT1zcF9zZWFyY2hfdGhlbWF0aWM%26psc%3D1&aref=zUANlRM61Y&sp_cr=ZAZ
189,"HP OmniBook 5 OLED (Previously Pavilion), Snapdragon X Processor (16GB LPDDR5x, 512GB SSD) 2K, 14''/35.6cm, Win11, M365 Basic(1yr)* Office24, Silver, 1.35kg, he0014QU, Light-Weight, Next-Gen AI Laptop",66020.0,83704.0,4.1,https://www.amazon.in/sspa/click?ie=UTF8&spc=MTo1MjEyMzgxMzE3OTAwNDM3OjE3NzA5MTk2Njg6c3Bfc2VhcmNoX3RoZW1hdGljOjMwMDkwMDY5NDE0ODUzMjo6MTo6&url=%2FHP-Previously-Snapdragon-Processor-Light-Weight%2Fdp%2FB0F8P4Y7VF%2Fref%3Dsxin_14_pa_sp_search_thematic_sspa%3Fcontent-id%3Damzn1.sym.76a1f397-3be8-48c6-95f3-640bcc2e7bf1%253Aamzn1.sym.76a1f397-3be8-48c6-95f3-640bcc2e7bf1%26crid%3D3NW6BLF8383HH%26cv_ct_cx%3Dlaptop%26keywords%3Dlaptop%26pd_rd_i%3DB0F8P4Y7VF%26pd_rd_r%3D0a5e3d8d-0975-43e9-bf8f-e4aeef19576b%26pd_rd_w%3DrKwQR%26pd_rd_wg%3DiySko%26pf_rd_p%3D76a1f397-3be8-48c6-95f3-640bcc2e7bf1%26pf_rd_r%3D4N1MJ26088M086DPSS3J%26qid%3D1770919668%26sbo%3DRZvfv%252F%252FHxDF%252BO5021pAnSA%253D%253D%26sprefix%3Dlapt%252Caps%252C463%26sr%3D1-2-ced4eeeb-b190-41d6-902a-1ecb3fb8b7c4-spons%26xpid%3DvjzpPUSu4zLUM%26aref%3DZDXWmKYaWQ%26sp_csd%3Dd2lkZ2V0TmFtZT1zcF9zZWFyY2hfdGhlbWF0aWM%26psc%3D1&aref=ZDXWmKYaWQ&sp_cr=ZAZ
190,"Primebook 2 Neo 2025 (New Launch) | 6GB RAM, 128GB Storage (Upgradable Upto 512GB) | MediaTek Helio G99 | Android 15 (PrimeOS3.0) | in-Built AI | 11.6” Thin & Light Laptop | Type-C, USB, MicroSD Ports",15990.0,24990.0,4.4,https://www.amazon.in/sspa/click?ie=UTF8&spc=MTo1MjEyMzgxMzE3OTAwNDM3OjE3NzA5MTk2Njg6c3Bfc2VhcmNoX3RoZW1hdGljOjMwMDYyMTQ2MTg5MTEzMjo6Mjo6&url=%2FPrimebook-Upgradable-MediaTek-G99-PrimeOS3-0%2Fdp%2FB0FDLB7BQZ%2Fref%3Dsxin_14_pa_sp_search_thematic_sspa%3Fcontent-id%3Damzn1.sym.76a1f397-3be8-48c6-95f3-640bcc2e7bf1%253Aamzn1.sym.76a1f397-3be8-48c6-95f3-640bcc2e7bf1%26crid%3D3NW6BLF8383HH%26cv_ct_cx%3Dlaptop%26keywords%3Dlaptop%26pd_rd_i%3DB0FDLB7BQZ%26pd_rd_r%3D0a5e3d8d-0975-43e9-bf8f-e4aeef19576b%26pd_rd_w%3DrKwQR%26pd_rd_wg%3DiySko%26pf_rd_p%3D76a1f397-3be8-48c6-95f3-640bcc2e7bf1%26pf_rd_r%3D4N1MJ26088M086DPSS3J%26qid%3D1770919668%26sbo%3DRZvfv%252F%252FHxDF%252BO5021pAnSA%253D%253D%26sprefix%3Dlapt%252Caps%252C463%26sr%3D1-3-ced4eeeb-b190-41d6-902a-1ecb3fb8b7c4-spons%26xpid%3DvjzpPUSu4zLUM%26aref%3DE8O8DLTkwq%26sp_csd%3Dd2lkZ2V0TmFtZT1zcF9zZWFyY2hfdGhlbWF0aWM%26psc%3D1&aref=E8O8DLTkwq&sp_cr=ZAZ
191,"Primebook 2 Pro 2025 (New Launch) | 8GB RAM, 128GB UFS Storage | 14.1-Inch FHD IPS Display | 14 Hours Battery | MediaTek Helio G99 | Android 15 (PrimeOS 3.0) | Backlit Keyboard | in-Built AI (Aqua)",19990.0,29990.0,4.4,https://www.amazon.in/sspa/click?ie=UTF8&spc=MTo1MjEyMzgxMzE3OTAwNDM3OjE3NzA5MTk2Njg6c3Bfc2VhcmNoX3RoZW1hdGljOjMwMDgyMzcxOTI4MTIzMjo6Mzo6&url=%2FPrimebook-Storage-14-1-Inch-MediaTek-Keyboard%2Fdp%2FB0FZJNZS65%2Fref%3Dsxin_14_pa_sp_search_thematic_sspa%3Fcontent-id%3Damzn1.sym.76a1f397-3be8-48c6-95f3-640bcc2e7bf1%253Aamzn1.sym.76a1f397-3be8-48c6-95f3-640bcc2e7bf1%26crid%3D3NW6BLF8383HH%26cv_ct_cx%3Dlaptop%26keywords%3Dlaptop%26pd_rd_i%3DB0FZJNZS65%26pd_rd_r%3D0a5e3d8d-0975-43e9-bf8f-e4aeef19576b%26pd_rd_w%3DrKwQR%26pd_rd_wg%3DiySko%26pf_rd_p%3D76a1f397-3be8-48c6-95f3-640bcc2e7bf1%26pf_rd_r%3D4N1MJ26088M086DPSS3J%26qid%3D1770919668%26sbo%3DRZvfv%252F%252FHxDF%252BO5021pAnSA%253D%253D%26sprefix%3Dlapt%252Caps%252C463%26sr%3D1-4-ced4eeeb-b190-41d6-902a-1ecb3fb8b7c4-spons%26xpid%3DvjzpPUSu4zLUM%26aref%3DtjigWtyJ9a%26sp_csd%3Dd2lkZ2V0TmFtZT1zcF9zZWFyY2hfdGhlbWF0aWM%26psc%3D1&aref=tjigWtyJ9a&sp_cr=ZAZ
192,"BrowseBook 14.1"" FHD IPS Laptop | Best Student & Office Work Laptop | Celeron N4020 | 4GB RAM | 128GB SSD | Windows 11 | 38Wh | 1.3kg | Grey",12990.0,30000.0,3.0,https://www.amazon.in/Neopticon-BrowseBook-Student-Celeron-Windows/dp/B0FC64RYH1/ref=sr_1_6?crid=3NW6BLF8383HH&dib=eyJ2IjoiMSJ9.LvRYcMXe0gyflLpcoiYNjDQGiwtKVW-phB8l2zfUs6F2K8IB0k81FtY8l46ljuBNJJBQaPO6y6rlhRWd_3V_lCEgKf5RQeuOq-UVQsRKiVXAANlMHe5aNFzSLe0ovkdCHiLPBcp5CEOO4wajlYzJ4KAqCQDLgxRcAi9T5UdBiErRkIMipXQ6wsaFhEoB6CsvD5SO2L4TJM5otxdR0SGTVLyePvIPOfn0f6I6Lw62NK8.PWTNifjwNO9vfcpLRWuntDKO1Yuq-FjA7YZ9wms2sSY&dib_tag=se&keywords=laptop&qid=1770919668&sprefix=lapt%2Caps%2C463&sr=8-6&xpid=vjzpPUSu4zLUM
193,Thomson NEO 14.1 Inch IN-P14C Intel Celeron Dual Core N4020 Processor & Window 11 Home Notebook (4 GB RAM DDR4/ 128 GB SSD/Numeric Touch Pad/Thin & Light Weight/Silver),12990.0,24990.0,,https://www.amazon.in/Thomson-Processor-Window-Notebook-Numeric/dp/B0DYVQYGP9/ref=sr_1_7?crid=3NW6BLF8383HH&dib=eyJ2IjoiMSJ9.LvRYcMXe0gyflLpcoiYNjDQGiwtKVW-phB8l2zfUs6F2K8IB0k81FtY8l46ljuBNJJBQaPO6y6rlhRWd_3V_lCEgKf5RQeuOq-UVQsRKiVXAANlMHe5aNFzSLe0ovkdCHiLPBcp5CEOO4wajlYzJ4KAqCQDLgxRcAi9T5UdBiErRkIMipXQ6wsaFhEoB6CsvD5SO2L4TJM5otxdR0SGTVLyePvIPOfn0f6I6Lw62NK8.PWTNifjwNO9vfcpLRWuntDKO1Yuq-FjA7YZ9wms2sSY&dib_tag=se&keywords=laptop&qid=1770919668&sprefix=lapt%2Caps%2C463&sr=8-7&xpid=vjzpPUSu4zLUM
194,"JioBook 11 with Lifetime Office | Android 4G Laptop Mediatek 8788 (JioOS) | Octa-core | 4GB RAM | 64 eMMC Storage | Thin and Light Laptop (11.6 inch, 990 Grams) | Dual Band WiFi + SIM | Blue",10990.0,25000.0,2.9,https://www.amazon.in/JioBook-Octa-Core-LPDDR4-JioOS-Expandable/dp/B0CKX9PY1H/ref=sr_1_8?crid=3NW6BLF8383HH&dib=eyJ2IjoiMSJ9.LvRYcMXe0gyflLpcoiYNjDQGiwtKVW-phB8l2zfUs6F2K8IB0k81FtY8l46ljuBNJJBQaPO6y6rlhRWd_3V_lCEgKf5RQeuOq-UVQsRKiVXAANlMHe5aNFzSLe0ovkdCHiLPBcp5CEOO4wajlYzJ4KAqCQDLgxRcAi9T5UdBiErRkIMipXQ6wsaFhEoB6CsvD5SO2L4TJM5otxdR0SGTVLyePvIPOfn0f6I6Lw62NK8.PWTNifjwNO9vfcpLRWuntDKO1Yuq-FjA7YZ9wms2sSY&dib_tag=se&keywords=laptop&qid=1770919668&sprefix=lapt%2Caps%2C463&sr=8-8&xpid=vjzpPUSu4zLUM
195,"Lenovo {SmartChoice)Chromebook Intel Celeron N4500 (4GB RAM/64GB eMMC 5.1/11.6 Inch (29.46cm)/HD Display/2Wx2 Stereo Speakers/HD Camera/Chrome OS/Blue/1.21Kg), 82UY0014HA",15990.0,36502.0,3.8,https://www.amazon.in/Lenovo-SmartChoice-Chromebook-Speakers-82UY0014HA/dp/B0F2TMZJ24/ref=sr_1_9?crid=3NW6BLF8383HH&dib=eyJ2IjoiMSJ9.LvRYcMXe0gyflLpcoiYNjDQGiwtKVW-phB8l2zfUs6F2K8IB0k81FtY8l46ljuBNJJBQaPO6y6rlhRWd_3V_lCEgKf5RQeuOq-UVQsRKiVXAANlMHe5aNFzSLe0ovkdCHiLPBcp5CEOO4wajlYzJ4KAqCQDLgxRcAi9T5UdBiErRkIMipXQ6wsaFhEoB6CsvD5SO2L4TJM5otxdR0SGTVLyePvIPOfn0f6I6Lw62NK8.PWTNifjwNO9vfcpLRWuntDKO1Yuq-FjA7YZ9wms2sSY&dib_tag=se&keywords=laptop&qid=1770919668&sprefix=lapt%2Caps%2C463&sr=8-9&xpid=vjzpPUSu4zLUM
196,"HP 15 Consumer Series Laptop, Intel Core i3-1315U (13th Gen) 12GB DDR4 RAM,512GB NVMe SSD/ 15.6'' FHD Anti-Glare, Micro-Edge, Win11, M365 Basic(1yr)* Office24, Silver,1.59kg, FHD Camera with Shutter",40654.0,53933.0,4.1,https://www.amazon.in/HP-Consumer-i3-1315U-Anti-Glare-Micro-Edge/dp/B0FMYH3W73/ref=sr_1_10?crid=3NW6BLF8383HH&dib=eyJ2IjoiMSJ9.LvRYcMXe0gyflLpcoiYNjDQGiwtKVW-phB8l2zfUs6F2K8IB0k81FtY8l46ljuBNJJBQaPO6y6rlhRWd_3V_lCEgKf5RQeuOq-UVQsRKiVXAANlMHe5aNFzSLe0ovkdCHiLPBcp5CEOO4wajlYzJ4KAqCQDLgxRcAi9T5UdBiErRkIMipXQ6wsaFhEoB6CsvD5SO2L4TJM5otxdR0SGTVLyePvIPOfn0f6I6Lw62NK8.PWTNifjwNO9vfcpLRWuntDKO1Yuq-FjA7YZ9wms2sSY&dib_tag=se&keywords=laptop&qid=1770919668&sprefix=lapt%2Caps%2C463&sr=8-10&xpid=vjzpPUSu4zLUM
197,"ASUS Vivobook Go 14, AMD Ryzen 3 7320U, 8GB RAM, 512GB SSD, FHD 14"", Windows 11, Office Home 2024, Mixed Black, 1.38 kg, E1404FA-NK3325WS, AMD Radeon iGPU, M365 Basic (1Year)*, Thin & Light Laptop",34990.0,43990.0,4.1,https://www.amazon.in/ASUS-Vivobook-Radeon-Windows-E1404FA-NK3325WS/dp/B0DTYNRVRX/ref=sr_1_13?crid=3NW6BLF8383HH&dib=eyJ2IjoiMSJ9.LvRYcMXe0gyflLpcoiYNjDQGiwtKVW-phB8l2zfUs6F2K8IB0k81FtY8l46ljuBNJJBQaPO6y6rlhRWd_3V_lCEgKf5RQeuOq-UVQsRKiVXAANlMHe5aNFzSLe0ovkdCHiLPBcp5CEOO4wajlYzJ4KAqCQDLgxRcAi9T5UdBiErRkIMipXQ6wsaFhEoB6CsvD5SO2L4TJM5otxdR0SGTVLyePvIPOfn0f6I6Lw62NK8.PWTNifjwNO9vfcpLRWuntDKO1Yuq-FjA7YZ9wms2sSY&dib_tag=se&keywords=laptop&qid=1770919668&sprefix=lapt%2Caps%2C463&sr=8-13&xpid=vjzpPUSu4zLUM
198,"HP Omnibook 5 OLED, Snapdragon X Processor (16GB LPDDR5x,1TB SSD) 2K OLED, Micro-Edge, 16''/40.6cm, Win11, M365*Office24, Glacier Silver, 1.59kg, fb0001QU, FHD Camera, Backlit, Next-Gen AI Laptop",71340.0,85965.0,4.1,https://www.amazon.in/HP-Snapdragon-Processor-Micro-Edge-fb0001QU/dp/B0FRM3G9JF/ref=sr_1_14?crid=3NW6BLF8383HH&dib=eyJ2IjoiMSJ9.LvRYcMXe0gyflLpcoiYNjDQGiwtKVW-phB8l2zfUs6F2K8IB0k81FtY8l46ljuBNJJBQaPO6y6rlhRWd_3V_lCEgKf5RQeuOq-UVQsRKiVXAANlMHe5aNFzSLe0ovkdCHiLPBcp5CEOO4wajlYzJ4KAqCQDLgxRcAi9T5UdBiErRkIMipXQ6wsaFhEoB6CsvD5SO2L4TJM5otxdR0SGTVLyePvIPOfn0f6I6Lw62NK8.PWTNifjwNO9vfcpLRWuntDKO1Yuq-FjA7YZ9wms2sSY&dib_tag=se&keywords=laptop&qid=1770919668&sprefix=lapt%2Caps%2C463&sr=8-14&xpid=vjzpPUSu4zLUM
199,"HP 15, 13th Gen Intel Core i3-1315U (12GB DDR4, 512GB SSD) FHD, Anti-Glare, Micro-Edge, 15.6''/39.6cm, Win11, M365 Basic(1yr)* Office24, Silver, 1.59kg, fd0573TU, FHD Camera w/Shutter Laptop",41990.0,52721.0,4.1,https://www.amazon.in/HP-i3-1315U-Anti-Glare-Micro-Edge-fd0573TU/dp/B0F4R3GFMQ/ref=sr_1_15?crid=3NW6BLF8383HH&dib=eyJ2IjoiMSJ9.LvRYcMXe0gyflLpcoiYNjDQGiwtKVW-phB8l2zfUs6F2K8IB0k81FtY8l46ljuBNJJBQaPO6y6rlhRWd_3V_lCEgKf5RQeuOq-UVQsRKiVXAANlMHe5aNFzSLe0ovkdCHiLPBcp5CEOO4wajlYzJ4KAqCQDLgxRcAi9T5UdBiErRkIMipXQ6wsaFhEoB6CsvD5SO2L4TJM5otxdR0SGTVLyePvIPOfn0f6I6Lw62NK8.PWTNifjwNO9vfcpLRWuntDKO1Yuq-FjA7YZ9wms2sSY&dib_tag=se&keywords=laptop&qid=1770919668&sprefix=lapt%2Caps%2C463&sr=8-15&xpid=vjzpPUSu4zLUM
200,"acer Aspire 3, Intel Core Celeron N4500, 12GB LPDDR4X RAM, 512GB SSD, HD, 15.6""/39.62cm, Windows 11 Home, Pure Silver, 1.5KG, A325-45, Thin and Light Laptop",31999.0,35999.0,3.4,https://www.amazon.in/Celeron-LPDDR4X-39-62cm-Windows-A325-45/dp/B0FF4QBNWM/ref=sr_1_16?crid=3NW6BLF8383HH&dib=eyJ2IjoiMSJ9.LvRYcMXe0gyflLpcoiYNjDQGiwtKVW-phB8l2zfUs6F2K8IB0k81FtY8l46ljuBNJJBQaPO6y6rlhRWd_3V_lCEgKf5RQeuOq-UVQsRKiVXAANlMHe5aNFzSLe0ovkdCHiLPBcp5CEOO4wajlYzJ4KAqCQDLgxRcAi9T5UdBiErRkIMipXQ6wsaFhEoB6CsvD5SO2L4TJM5otxdR0SGTVLyePvIPOfn0f6I6Lw62NK8.PWTNifjwNO9vfcpLRWuntDKO1Yuq-FjA7YZ9wms2sSY&dib_tag=se&keywords=laptop&qid=1770919668&sprefix=lapt%2Caps%2C463&sr=8-16&xpid=vjzpPUSu4zLUM
201,Thomson NEO 14.1 Inch IN-P14C Intel Celeron Dual Core N4020 Processor & Window 11 Notebook (8 GB RAM DDR4/ 256 GB SSD/Numeric Touch Pad/1MP Webcam/Silver),14990.0,27990.0,3.0,https://www.amazon.in/Thomson-Window-Notebook-Numeric-Webcam/dp/B0DYVR777M/ref=sr_1_17?crid=3NW6BLF8383HH&dib=eyJ2IjoiMSJ9.LvRYcMXe0gyflLpcoiYNjDQGiwtKVW-phB8l2zfUs6F2K8IB0k81FtY8l46ljuBNJJBQaPO6y6rlhRWd_3V_lCEgKf5RQeuOq-UVQsRKiVXAANlMHe5aNFzSLe0ovkdCHiLPBcp5CEOO4wajlYzJ4KAqCQDLgxRcAi9T5UdBiErRkIMipXQ6wsaFhEoB6CsvD5SO2L4TJM5otxdR0SGTVLyePvIPOfn0f6I6Lw62NK8.PWTNifjwNO9vfcpLRWuntDKO1Yuq-FjA7YZ9wms2sSY&dib_tag=se&keywords=laptop&qid=1770919668&sprefix=lapt%2Caps%2C463&sr=8-17&xpid=vjzpPUSu4zLUM
202,"ASUS TUF A15 (2025), AMD Ryzen 7 7445HS, Gaming Laptop(RTX 3050,75W TGP,16GB DDR5(Upgradeable Upto 64GB )512GB SSD,FHD,15.6"",144Hz,RGB Keyboard,48Whrs,Windows 11,Graphite Black,2.3 Kg) FA506NCG-HN199W",70990.0,83990.0,4.2,https://www.amazon.in/ASUS-Upgradeable-Keyboard-Graphite-FA506NCG-HN199W/dp/B0FM3C4L2F/ref=sr_1_18?crid=3NW6BLF8383HH&dib=eyJ2IjoiMSJ9.LvRYcMXe0gyflLpcoiYNjDQGiwtKVW-phB8l2zfUs6F2K8IB0k81FtY8l46ljuBNJJBQaPO6y6rlhRWd_3V_lCEgKf5RQeuOq-UVQsRKiVXAANlMHe5aNFzSLe0ovkdCHiLPBcp5CEOO4wajlYzJ4KAqCQDLgxRcAi9T5UdBiErRkIMipXQ6wsaFhEoB6CsvD5SO2L4TJM5otxdR0SGTVLyePvIPOfn0f6I6Lw62NK8.PWTNifjwNO9vfcpLRWuntDKO1Yuq-FjA7YZ9wms2sSY&dib_tag=se&keywords=laptop&qid=1770919668&sprefix=lapt%2Caps%2C463&sr=8-18&xpid=vjzpPUSu4zLUM
203,"HP 14s Intel Celeron Dual Core N4500 Laptop (8GB/512GB SSD/Win 11) 14.0"" HD Display, MSO 24, Black, 1.46kg, DQ3149TU Thin and Light Business Laptop",28690.0,30299.0,3.4,https://www.amazon.in/HP-Celeron-Display-DQ3149TU-Business/dp/B0FYYBXPPD/ref=sr_1_19?crid=3NW6BLF8383HH&dib=eyJ2IjoiMSJ9.LvRYcMXe0gyflLpcoiYNjDQGiwtKVW-phB8l2zfUs6F2K8IB0k81FtY8l46ljuBNJJBQaPO6y6rlhRWd_3V_lCEgKf5RQeuOq-UVQsRKiVXAANlMHe5aNFzSLe0ovkdCHiLPBcp5CEOO4wajlYzJ4KAqCQDLgxRcAi9T5UdBiErRkIMipXQ6wsaFhEoB6CsvD5SO2L4TJM5otxdR0SGTVLyePvIPOfn0f6I6Lw62NK8.PWTNifjwNO9vfcpLRWuntDKO1Yuq-FjA7YZ9wms2sSY&dib_tag=se&keywords=laptop&qid=1770919668&sprefix=lapt%2Caps%2C463&sr=8-19&xpid=vjzpPUSu4zLUM
204,"HP 15, 13th Gen Intel Core i5-1334U, (16GB DDR4,512GB SSD) Anti-Glare, Micro-Edge, FHD, 15.6''/39.6cm, Win11, M365 Basic(1yr)* Office24, Silver, 1.59kg, fd0577TU, Iris Xe, FHD Camera w/Shutter Laptop",54990.0,70841.0,3.9,https://www.amazon.in/HP-i5-1334U-Anti-Glare-Micro-Edge-fd0577TU/dp/B0F4R6H3NB/ref=sr_1_20?crid=3NW6BLF8383HH&dib=eyJ2IjoiMSJ9.LvRYcMXe0gyflLpcoiYNjDQGiwtKVW-phB8l2zfUs6F2K8IB0k81FtY8l46ljuBNJJBQaPO6y6rlhRWd_3V_lCEgKf5RQeuOq-UVQsRKiVXAANlMHe5aNFzSLe0ovkdCHiLPBcp5CEOO4wajlYzJ4KAqCQDLgxRcAi9T5UdBiErRkIMipXQ6wsaFhEoB6CsvD5SO2L4TJM5otxdR0SGTVLyePvIPOfn0f6I6Lw62NK8.PWTNifjwNO9vfcpLRWuntDKO1Yuq-FjA7YZ9wms2sSY&dib_tag=se&keywords=laptop&qid=1770919668&sprefix=lapt%2Caps%2C463&sr=8-20&xpid=vjzpPUSu4zLUM
